U$1, 327.22, 13.00, 90.00, 4-PIN-RAY-WU-13.5MM, 4PIN-RAY-WU-EDGE-CONNECTOR
U$1000, 285.30, 40.00, 90.00, 1515-LED-SMT550-NOSILK, 1515-LED-SMT550-NOSILK
U$1004, 276.50, 40.00, 90.00, 1515-LED-SMT550-NOSILK, 1515-LED-SMT550-NOSILK
U$1009, 267.70, 40.00, 90.00, 1515-LED-SMT550-NOSILK, 1515-LED-SMT550-NOSILK
U$1013, 258.90, 40.00, 90.00, 1515-LED-SMT550-NOSILK, 1515-LED-SMT550-NOSILK
U$1018, 250.10, 40.00, 90.00, 1515-LED-SMT550-NOSILK, 1515-LED-SMT550-NOSILK
U$1022, 241.30, 40.00, 90.00, 1515-LED-SMT550-NOSILK, 1515-LED-SMT550-NOSILK
U$1027, 232.50, 40.00, 90.00, 1515-LED-SMT550-NOSILK, 1515-LED-SMT550-NOSILK
U$103, 179.70, 13.00, 90.00, 1515-LED-SMT550-NOSILK, 1515-LED-SMT550-NOSILK
U$1031, 223.70, 40.00, 90.00, 1515-LED-SMT550-NOSILK, 1515-LED-SMT550-NOSILK
U$1036, 214.90, 40.00, 90.00, 1515-LED-SMT550-NOSILK, 1515-LED-SMT550-NOSILK
U$1040, 206.10, 40.00, 90.00, 1515-LED-SMT550-NOSILK, 1515-LED-SMT550-NOSILK
U$1045, 197.30, 40.00, 90.00, 1515-LED-SMT550-NOSILK, 1515-LED-SMT550-NOSILK
U$1049, 188.50, 40.00, 90.00, 1515-LED-SMT550-NOSILK, 1515-LED-SMT550-NOSILK
U$1054, 179.70, 40.00, 90.00, 1515-LED-SMT550-NOSILK, 1515-LED-SMT550-NOSILK
U$1058, 170.90, 40.00, 90.00, 1515-LED-SMT550-NOSILK, 1515-LED-SMT550-NOSILK
U$1063, 162.10, 40.00, 90.00, 1515-LED-SMT550-NOSILK, 1515-LED-SMT550-NOSILK
U$1067, 153.30, 40.00, 90.00, 1515-LED-SMT550-NOSILK, 1515-LED-SMT550-NOSILK
U$107, 170.90, 13.00, 90.00, 1515-LED-SMT550-NOSILK, 1515-LED-SMT550-NOSILK
U$1072, 144.50, 40.00, 90.00, 1515-LED-SMT550-NOSILK, 1515-LED-SMT550-NOSILK
U$1076, 135.70, 40.00, 90.00, 1515-LED-SMT550-NOSILK, 1515-LED-SMT550-NOSILK
U$1081, 126.90, 40.00, 90.00, 1515-LED-SMT550-NOSILK, 1515-LED-SMT550-NOSILK
U$1085, 118.10, 40.00, 90.00, 1515-LED-SMT550-NOSILK, 1515-LED-SMT550-NOSILK
U$1090, 109.30, 40.00, 90.00, 1515-LED-SMT550-NOSILK, 1515-LED-SMT550-NOSILK
U$1094, 100.50, 40.00, 90.00, 1515-LED-SMT550-NOSILK, 1515-LED-SMT550-NOSILK
U$1099, 91.70, 40.00, 90.00, 1515-LED-SMT550-NOSILK, 1515-LED-SMT550-NOSILK
U$1103, 82.90, 40.00, 90.00, 1515-LED-SMT550-NOSILK, 1515-LED-SMT550-NOSILK
U$1108, 74.10, 40.00, 90.00, 1515-LED-SMT550-NOSILK, 1515-LED-SMT550-NOSILK
U$1112, 65.30, 40.00, 90.00, 1515-LED-SMT550-NOSILK, 1515-LED-SMT550-NOSILK
U$1117, 56.50, 40.00, 90.00, 1515-LED-SMT550-NOSILK, 1515-LED-SMT550-NOSILK
U$112, 162.10, 13.00, 90.00, 1515-LED-SMT550-NOSILK, 1515-LED-SMT550-NOSILK
U$1121, 47.70, 40.00, 90.00, 1515-LED-SMT550-NOSILK, 1515-LED-SMT550-NOSILK
U$1126, 38.90, 40.00, 90.00, 1515-LED-SMT550-NOSILK, 1515-LED-SMT550-NOSILK
U$1130, 30.10, 40.00, 90.00, 1515-LED-SMT550-NOSILK, 1515-LED-SMT550-NOSILK
U$1135, 21.30, 40.00, 90.00, 1515-LED-SMT550-NOSILK, 1515-LED-SMT550-NOSILK
U$1139, 12.50, 40.00, 90.00, 1515-LED-SMT550-NOSILK, 1515-LED-SMT550-NOSILK
U$116, 153.30, 13.00, 90.00, 1515-LED-SMT550-NOSILK, 1515-LED-SMT550-NOSILK
U$121, 144.50, 13.00, 90.00, 1515-LED-SMT550-NOSILK, 1515-LED-SMT550-NOSILK
U$125, 135.70, 13.00, 90.00, 1515-LED-SMT550-NOSILK, 1515-LED-SMT550-NOSILK
U$130, 126.90, 13.00, 90.00, 1515-LED-SMT550-NOSILK, 1515-LED-SMT550-NOSILK
U$1305, 327.22, 49.00, 90.00, 4-PIN-RAY-WU-13.5MM, 4PIN-RAY-WU-EDGE-CONNECTOR
U$1308, 320.50, 49.00, 90.00, 1515-LED-SMT550-NOSILK, 1515-LED-SMT550-NOSILK
U$1312, 311.70, 49.00, 90.00, 1515-LED-SMT550-NOSILK, 1515-LED-SMT550-NOSILK
U$1317, 302.90, 49.00, 90.00, 1515-LED-SMT550-NOSILK, 1515-LED-SMT550-NOSILK
U$1321, 294.10, 49.00, 90.00, 1515-LED-SMT550-NOSILK, 1515-LED-SMT550-NOSILK
U$1326, 285.30, 49.00, 90.00, 1515-LED-SMT550-NOSILK, 1515-LED-SMT550-NOSILK
U$1330, 276.50, 49.00, 90.00, 1515-LED-SMT550-NOSILK, 1515-LED-SMT550-NOSILK
U$1335, 267.70, 49.00, 90.00, 1515-LED-SMT550-NOSILK, 1515-LED-SMT550-NOSILK
U$1339, 258.90, 49.00, 90.00, 1515-LED-SMT550-NOSILK, 1515-LED-SMT550-NOSILK
U$134, 118.10, 13.00, 90.00, 1515-LED-SMT550-NOSILK, 1515-LED-SMT550-NOSILK
U$1344, 250.10, 49.00, 90.00, 1515-LED-SMT550-NOSILK, 1515-LED-SMT550-NOSILK
U$1348, 241.30, 49.00, 90.00, 1515-LED-SMT550-NOSILK, 1515-LED-SMT550-NOSILK
U$1353, 232.50, 49.00, 90.00, 1515-LED-SMT550-NOSILK, 1515-LED-SMT550-NOSILK
U$1357, 223.70, 49.00, 90.00, 1515-LED-SMT550-NOSILK, 1515-LED-SMT550-NOSILK
U$1362, 214.90, 49.00, 90.00, 1515-LED-SMT550-NOSILK, 1515-LED-SMT550-NOSILK
U$1366, 206.10, 49.00, 90.00, 1515-LED-SMT550-NOSILK, 1515-LED-SMT550-NOSILK
U$1371, 197.30, 49.00, 90.00, 1515-LED-SMT550-NOSILK, 1515-LED-SMT550-NOSILK
U$1375, 188.50, 49.00, 90.00, 1515-LED-SMT550-NOSILK, 1515-LED-SMT550-NOSILK
U$1380, 179.70, 49.00, 90.00, 1515-LED-SMT550-NOSILK, 1515-LED-SMT550-NOSILK
U$1384, 170.90, 49.00, 90.00, 1515-LED-SMT550-NOSILK, 1515-LED-SMT550-NOSILK
U$1389, 162.10, 49.00, 90.00, 1515-LED-SMT550-NOSILK, 1515-LED-SMT550-NOSILK
U$139, 109.30, 13.00, 90.00, 1515-LED-SMT550-NOSILK, 1515-LED-SMT550-NOSILK
U$1393, 153.30, 49.00, 90.00, 1515-LED-SMT550-NOSILK, 1515-LED-SMT550-NOSILK
U$1398, 144.50, 49.00, 90.00, 1515-LED-SMT550-NOSILK, 1515-LED-SMT550-NOSILK
U$1402, 135.70, 49.00, 90.00, 1515-LED-SMT550-NOSILK, 1515-LED-SMT550-NOSILK
U$1407, 126.90, 49.00, 90.00, 1515-LED-SMT550-NOSILK, 1515-LED-SMT550-NOSILK
U$1411, 118.10, 49.00, 90.00, 1515-LED-SMT550-NOSILK, 1515-LED-SMT550-NOSILK
U$1416, 109.30, 49.00, 90.00, 1515-LED-SMT550-NOSILK, 1515-LED-SMT550-NOSILK
U$1420, 100.50, 49.00, 90.00, 1515-LED-SMT550-NOSILK, 1515-LED-SMT550-NOSILK
U$1425, 91.70, 49.00, 90.00, 1515-LED-SMT550-NOSILK, 1515-LED-SMT550-NOSILK
U$1429, 82.90, 49.00, 90.00, 1515-LED-SMT550-NOSILK, 1515-LED-SMT550-NOSILK
U$143, 100.50, 13.00, 90.00, 1515-LED-SMT550-NOSILK, 1515-LED-SMT550-NOSILK
U$1434, 74.10, 49.00, 90.00, 1515-LED-SMT550-NOSILK, 1515-LED-SMT550-NOSILK
U$1438, 65.30, 49.00, 90.00, 1515-LED-SMT550-NOSILK, 1515-LED-SMT550-NOSILK
U$1443, 56.50, 49.00, 90.00, 1515-LED-SMT550-NOSILK, 1515-LED-SMT550-NOSILK
U$1447, 47.70, 49.00, 90.00, 1515-LED-SMT550-NOSILK, 1515-LED-SMT550-NOSILK
U$1452, 38.90, 49.00, 90.00, 1515-LED-SMT550-NOSILK, 1515-LED-SMT550-NOSILK
U$1456, 30.10, 49.00, 90.00, 1515-LED-SMT550-NOSILK, 1515-LED-SMT550-NOSILK
U$1461, 21.30, 49.00, 90.00, 1515-LED-SMT550-NOSILK, 1515-LED-SMT550-NOSILK
U$1465, 12.50, 49.00, 90.00, 1515-LED-SMT550-NOSILK, 1515-LED-SMT550-NOSILK
U$148, 91.70, 13.00, 90.00, 1515-LED-SMT550-NOSILK, 1515-LED-SMT550-NOSILK
U$15, 311.70, 13.00, 90.00, 1515-LED-SMT550-NOSILK, 1515-LED-SMT550-NOSILK
U$152, 82.90, 13.00, 90.00, 1515-LED-SMT550-NOSILK, 1515-LED-SMT550-NOSILK
U$157, 74.10, 13.00, 90.00, 1515-LED-SMT550-NOSILK, 1515-LED-SMT550-NOSILK
U$161, 65.30, 13.00, 90.00, 1515-LED-SMT550-NOSILK, 1515-LED-SMT550-NOSILK
U$1631, 327.22, 58.00, 90.00, 4-PIN-RAY-WU-13.5MM, 4PIN-RAY-WU-EDGE-CONNECTOR
U$1634, 320.50, 58.00, 90.00, 1515-LED-SMT550-NOSILK, 1515-LED-SMT550-NOSILK
U$1638, 311.70, 58.00, 90.00, 1515-LED-SMT550-NOSILK, 1515-LED-SMT550-NOSILK
U$1643, 302.90, 58.00, 90.00, 1515-LED-SMT550-NOSILK, 1515-LED-SMT550-NOSILK
U$1647, 294.10, 58.00, 90.00, 1515-LED-SMT550-NOSILK, 1515-LED-SMT550-NOSILK
U$1652, 285.30, 58.00, 90.00, 1515-LED-SMT550-NOSILK, 1515-LED-SMT550-NOSILK
U$1656, 276.50, 58.00, 90.00, 1515-LED-SMT550-NOSILK, 1515-LED-SMT550-NOSILK
U$1661, 267.70, 58.00, 90.00, 1515-LED-SMT550-NOSILK, 1515-LED-SMT550-NOSILK
U$1665, 258.90, 58.00, 90.00, 1515-LED-SMT550-NOSILK, 1515-LED-SMT550-NOSILK
U$1670, 250.10, 58.00, 90.00, 1515-LED-SMT550-NOSILK, 1515-LED-SMT550-NOSILK
U$1674, 241.30, 58.00, 90.00, 1515-LED-SMT550-NOSILK, 1515-LED-SMT550-NOSILK
U$1679, 232.50, 58.00, 90.00, 1515-LED-SMT550-NOSILK, 1515-LED-SMT550-NOSILK
U$1683, 223.70, 58.00, 90.00, 1515-LED-SMT550-NOSILK, 1515-LED-SMT550-NOSILK
U$1688, 214.90, 58.00, 90.00, 1515-LED-SMT550-NOSILK, 1515-LED-SMT550-NOSILK
U$1692, 206.10, 58.00, 90.00, 1515-LED-SMT550-NOSILK, 1515-LED-SMT550-NOSILK
U$1697, 197.30, 58.00, 90.00, 1515-LED-SMT550-NOSILK, 1515-LED-SMT550-NOSILK
U$1701, 188.50, 58.00, 90.00, 1515-LED-SMT550-NOSILK, 1515-LED-SMT550-NOSILK
U$1706, 179.70, 58.00, 90.00, 1515-LED-SMT550-NOSILK, 1515-LED-SMT550-NOSILK
U$1710, 170.90, 58.00, 90.00, 1515-LED-SMT550-NOSILK, 1515-LED-SMT550-NOSILK
U$1715, 162.10, 58.00, 90.00, 1515-LED-SMT550-NOSILK, 1515-LED-SMT550-NOSILK
U$1719, 153.30, 58.00, 90.00, 1515-LED-SMT550-NOSILK, 1515-LED-SMT550-NOSILK
U$1724, 144.50, 58.00, 90.00, 1515-LED-SMT550-NOSILK, 1515-LED-SMT550-NOSILK
U$1728, 135.70, 58.00, 90.00, 1515-LED-SMT550-NOSILK, 1515-LED-SMT550-NOSILK
U$1733, 126.90, 58.00, 90.00, 1515-LED-SMT550-NOSILK, 1515-LED-SMT550-NOSILK
U$1737, 118.10, 58.00, 90.00, 1515-LED-SMT550-NOSILK, 1515-LED-SMT550-NOSILK
U$1742, 109.30, 58.00, 90.00, 1515-LED-SMT550-NOSILK, 1515-LED-SMT550-NOSILK
U$1746, 100.50, 58.00, 90.00, 1515-LED-SMT550-NOSILK, 1515-LED-SMT550-NOSILK
U$1751, 91.70, 58.00, 90.00, 1515-LED-SMT550-NOSILK, 1515-LED-SMT550-NOSILK
U$1755, 82.90, 58.00, 90.00, 1515-LED-SMT550-NOSILK, 1515-LED-SMT550-NOSILK
U$1760, 74.10, 58.00, 90.00, 1515-LED-SMT550-NOSILK, 1515-LED-SMT550-NOSILK
U$1764, 65.30, 58.00, 90.00, 1515-LED-SMT550-NOSILK, 1515-LED-SMT550-NOSILK
U$1769, 56.50, 58.00, 90.00, 1515-LED-SMT550-NOSILK, 1515-LED-SMT550-NOSILK
U$1773, 47.70, 58.00, 90.00, 1515-LED-SMT550-NOSILK, 1515-LED-SMT550-NOSILK
U$1778, 38.90, 58.00, 90.00, 1515-LED-SMT550-NOSILK, 1515-LED-SMT550-NOSILK
U$1782, 30.10, 58.00, 90.00, 1515-LED-SMT550-NOSILK, 1515-LED-SMT550-NOSILK
U$1787, 21.30, 58.00, 90.00, 1515-LED-SMT550-NOSILK, 1515-LED-SMT550-NOSILK
U$1791, 12.50, 58.00, 90.00, 1515-LED-SMT550-NOSILK, 1515-LED-SMT550-NOSILK
U$193, 56.50, 13.00, 90.00, 1515-LED-SMT550-NOSILK, 1515-LED-SMT550-NOSILK
U$1957, 327.22, 67.00, 90.00, 4-PIN-RAY-WU-13.5MM, 4PIN-RAY-WU-EDGE-CONNECTOR
U$1960, 320.50, 67.00, 90.00, 1515-LED-SMT550-NOSILK, 1515-LED-SMT550-NOSILK
U$1964, 311.70, 67.00, 90.00, 1515-LED-SMT550-NOSILK, 1515-LED-SMT550-NOSILK
U$1969, 302.90, 67.00, 90.00, 1515-LED-SMT550-NOSILK, 1515-LED-SMT550-NOSILK
U$197, 47.70, 13.00, 90.00, 1515-LED-SMT550-NOSILK, 1515-LED-SMT550-NOSILK
U$1973, 294.10, 67.00, 90.00, 1515-LED-SMT550-NOSILK, 1515-LED-SMT550-NOSILK
U$1978, 285.30, 67.00, 90.00, 1515-LED-SMT550-NOSILK, 1515-LED-SMT550-NOSILK
U$1982, 276.50, 67.00, 90.00, 1515-LED-SMT550-NOSILK, 1515-LED-SMT550-NOSILK
U$1987, 267.70, 67.00, 90.00, 1515-LED-SMT550-NOSILK, 1515-LED-SMT550-NOSILK
U$1991, 258.90, 67.00, 90.00, 1515-LED-SMT550-NOSILK, 1515-LED-SMT550-NOSILK
U$1996, 250.10, 67.00, 90.00, 1515-LED-SMT550-NOSILK, 1515-LED-SMT550-NOSILK
U$2000, 241.30, 67.00, 90.00, 1515-LED-SMT550-NOSILK, 1515-LED-SMT550-NOSILK
U$2005, 232.50, 67.00, 90.00, 1515-LED-SMT550-NOSILK, 1515-LED-SMT550-NOSILK
U$2009, 223.70, 67.00, 90.00, 1515-LED-SMT550-NOSILK, 1515-LED-SMT550-NOSILK
U$2014, 214.90, 67.00, 90.00, 1515-LED-SMT550-NOSILK, 1515-LED-SMT550-NOSILK
U$2018, 206.10, 67.00, 90.00, 1515-LED-SMT550-NOSILK, 1515-LED-SMT550-NOSILK
U$202, 38.90, 13.00, 90.00, 1515-LED-SMT550-NOSILK, 1515-LED-SMT550-NOSILK
U$2023, 197.30, 67.00, 90.00, 1515-LED-SMT550-NOSILK, 1515-LED-SMT550-NOSILK
U$2027, 188.50, 67.00, 90.00, 1515-LED-SMT550-NOSILK, 1515-LED-SMT550-NOSILK
U$2032, 179.70, 67.00, 90.00, 1515-LED-SMT550-NOSILK, 1515-LED-SMT550-NOSILK
U$2036, 170.90, 67.00, 90.00, 1515-LED-SMT550-NOSILK, 1515-LED-SMT550-NOSILK
U$2041, 162.10, 67.00, 90.00, 1515-LED-SMT550-NOSILK, 1515-LED-SMT550-NOSILK
U$2045, 153.30, 67.00, 90.00, 1515-LED-SMT550-NOSILK, 1515-LED-SMT550-NOSILK
U$2050, 144.50, 67.00, 90.00, 1515-LED-SMT550-NOSILK, 1515-LED-SMT550-NOSILK
U$2054, 135.70, 67.00, 90.00, 1515-LED-SMT550-NOSILK, 1515-LED-SMT550-NOSILK
U$2059, 126.90, 67.00, 90.00, 1515-LED-SMT550-NOSILK, 1515-LED-SMT550-NOSILK
U$206, 30.10, 13.00, 90.00, 1515-LED-SMT550-NOSILK, 1515-LED-SMT550-NOSILK
U$2063, 118.10, 67.00, 90.00, 1515-LED-SMT550-NOSILK, 1515-LED-SMT550-NOSILK
U$2068, 109.30, 67.00, 90.00, 1515-LED-SMT550-NOSILK, 1515-LED-SMT550-NOSILK
U$2072, 100.50, 67.00, 90.00, 1515-LED-SMT550-NOSILK, 1515-LED-SMT550-NOSILK
U$2077, 91.70, 67.00, 90.00, 1515-LED-SMT550-NOSILK, 1515-LED-SMT550-NOSILK
U$2081, 82.90, 67.00, 90.00, 1515-LED-SMT550-NOSILK, 1515-LED-SMT550-NOSILK
U$2086, 74.10, 67.00, 90.00, 1515-LED-SMT550-NOSILK, 1515-LED-SMT550-NOSILK
U$2090, 65.30, 67.00, 90.00, 1515-LED-SMT550-NOSILK, 1515-LED-SMT550-NOSILK
U$2095, 56.50, 67.00, 90.00, 1515-LED-SMT550-NOSILK, 1515-LED-SMT550-NOSILK
U$2099, 47.70, 67.00, 90.00, 1515-LED-SMT550-NOSILK, 1515-LED-SMT550-NOSILK
U$2104, 38.90, 67.00, 90.00, 1515-LED-SMT550-NOSILK, 1515-LED-SMT550-NOSILK
U$2108, 30.10, 67.00, 90.00, 1515-LED-SMT550-NOSILK, 1515-LED-SMT550-NOSILK
U$211, 21.30, 13.00, 90.00, 1515-LED-SMT550-NOSILK, 1515-LED-SMT550-NOSILK
U$2113, 21.30, 67.00, 90.00, 1515-LED-SMT550-NOSILK, 1515-LED-SMT550-NOSILK
U$2117, 12.50, 67.00, 90.00, 1515-LED-SMT550-NOSILK, 1515-LED-SMT550-NOSILK
U$215, 12.50, 13.00, 90.00, 1515-LED-SMT550-NOSILK, 1515-LED-SMT550-NOSILK
U$2283, 327.22, 76.00, 90.00, 4-PIN-RAY-WU-13.5MM, 4PIN-RAY-WU-EDGE-CONNECTOR
U$2286, 320.50, 76.00, 90.00, 1515-LED-SMT550-NOSILK, 1515-LED-SMT550-NOSILK
U$2290, 311.70, 76.00, 90.00, 1515-LED-SMT550-NOSILK, 1515-LED-SMT550-NOSILK
U$2295, 302.90, 76.00, 90.00, 1515-LED-SMT550-NOSILK, 1515-LED-SMT550-NOSILK
U$2299, 294.10, 76.00, 90.00, 1515-LED-SMT550-NOSILK, 1515-LED-SMT550-NOSILK
U$2304, 285.30, 76.00, 90.00, 1515-LED-SMT550-NOSILK, 1515-LED-SMT550-NOSILK
U$2308, 276.50, 76.00, 90.00, 1515-LED-SMT550-NOSILK, 1515-LED-SMT550-NOSILK
U$2313, 267.70, 76.00, 90.00, 1515-LED-SMT550-NOSILK, 1515-LED-SMT550-NOSILK
U$2317, 258.90, 76.00, 90.00, 1515-LED-SMT550-NOSILK, 1515-LED-SMT550-NOSILK
U$2322, 250.10, 76.00, 90.00, 1515-LED-SMT550-NOSILK, 1515-LED-SMT550-NOSILK
U$2326, 241.30, 76.00, 90.00, 1515-LED-SMT550-NOSILK, 1515-LED-SMT550-NOSILK
U$2331, 232.50, 76.00, 90.00, 1515-LED-SMT550-NOSILK, 1515-LED-SMT550-NOSILK
U$2335, 223.70, 76.00, 90.00, 1515-LED-SMT550-NOSILK, 1515-LED-SMT550-NOSILK
U$2340, 214.90, 76.00, 90.00, 1515-LED-SMT550-NOSILK, 1515-LED-SMT550-NOSILK
U$2344, 206.10, 76.00, 90.00, 1515-LED-SMT550-NOSILK, 1515-LED-SMT550-NOSILK
U$2349, 197.30, 76.00, 90.00, 1515-LED-SMT550-NOSILK, 1515-LED-SMT550-NOSILK
U$2353, 188.50, 76.00, 90.00, 1515-LED-SMT550-NOSILK, 1515-LED-SMT550-NOSILK
U$2358, 179.70, 76.00, 90.00, 1515-LED-SMT550-NOSILK, 1515-LED-SMT550-NOSILK
U$2362, 170.90, 76.00, 90.00, 1515-LED-SMT550-NOSILK, 1515-LED-SMT550-NOSILK
U$2367, 162.10, 76.00, 90.00, 1515-LED-SMT550-NOSILK, 1515-LED-SMT550-NOSILK
U$2371, 153.30, 76.00, 90.00, 1515-LED-SMT550-NOSILK, 1515-LED-SMT550-NOSILK
U$2376, 144.50, 76.00, 90.00, 1515-LED-SMT550-NOSILK, 1515-LED-SMT550-NOSILK
U$2380, 135.70, 76.00, 90.00, 1515-LED-SMT550-NOSILK, 1515-LED-SMT550-NOSILK
U$2385, 126.90, 76.00, 90.00, 1515-LED-SMT550-NOSILK, 1515-LED-SMT550-NOSILK
U$2389, 118.10, 76.00, 90.00, 1515-LED-SMT550-NOSILK, 1515-LED-SMT550-NOSILK
U$2394, 109.30, 76.00, 90.00, 1515-LED-SMT550-NOSILK, 1515-LED-SMT550-NOSILK
U$2398, 100.50, 76.00, 90.00, 1515-LED-SMT550-NOSILK, 1515-LED-SMT550-NOSILK
U$2403, 91.70, 76.00, 90.00, 1515-LED-SMT550-NOSILK, 1515-LED-SMT550-NOSILK
U$2407, 82.90, 76.00, 90.00, 1515-LED-SMT550-NOSILK, 1515-LED-SMT550-NOSILK
U$2412, 74.10, 76.00, 90.00, 1515-LED-SMT550-NOSILK, 1515-LED-SMT550-NOSILK
U$2416, 65.30, 76.00, 90.00, 1515-LED-SMT550-NOSILK, 1515-LED-SMT550-NOSILK
U$2421, 56.50, 76.00, 90.00, 1515-LED-SMT550-NOSILK, 1515-LED-SMT550-NOSILK
U$2425, 47.70, 76.00, 90.00, 1515-LED-SMT550-NOSILK, 1515-LED-SMT550-NOSILK
U$2430, 38.90, 76.00, 90.00, 1515-LED-SMT550-NOSILK, 1515-LED-SMT550-NOSILK
U$2434, 30.10, 76.00, 90.00, 1515-LED-SMT550-NOSILK, 1515-LED-SMT550-NOSILK
U$2439, 21.30, 76.00, 90.00, 1515-LED-SMT550-NOSILK, 1515-LED-SMT550-NOSILK
U$2443, 12.50, 76.00, 90.00, 1515-LED-SMT550-NOSILK, 1515-LED-SMT550-NOSILK
U$25, 302.90, 13.00, 90.00, 1515-LED-SMT550-NOSILK, 1515-LED-SMT550-NOSILK
U$2609, 327.22, 85.00, 90.00, 4-PIN-RAY-WU-13.5MM, 4PIN-RAY-WU-EDGE-CONNECTOR
U$2612, 320.50, 85.00, 90.00, 1515-LED-SMT550-NOSILK, 1515-LED-SMT550-NOSILK
U$2616, 311.70, 85.00, 90.00, 1515-LED-SMT550-NOSILK, 1515-LED-SMT550-NOSILK
U$2621, 302.90, 85.00, 90.00, 1515-LED-SMT550-NOSILK, 1515-LED-SMT550-NOSILK
U$2625, 294.10, 85.00, 90.00, 1515-LED-SMT550-NOSILK, 1515-LED-SMT550-NOSILK
U$2630, 285.30, 85.00, 90.00, 1515-LED-SMT550-NOSILK, 1515-LED-SMT550-NOSILK
U$2634, 276.50, 85.00, 90.00, 1515-LED-SMT550-NOSILK, 1515-LED-SMT550-NOSILK
U$2639, 267.70, 85.00, 90.00, 1515-LED-SMT550-NOSILK, 1515-LED-SMT550-NOSILK
U$2643, 258.90, 85.00, 90.00, 1515-LED-SMT550-NOSILK, 1515-LED-SMT550-NOSILK
U$2648, 250.10, 85.00, 90.00, 1515-LED-SMT550-NOSILK, 1515-LED-SMT550-NOSILK
U$2652, 241.30, 85.00, 90.00, 1515-LED-SMT550-NOSILK, 1515-LED-SMT550-NOSILK
U$2657, 232.50, 85.00, 90.00, 1515-LED-SMT550-NOSILK, 1515-LED-SMT550-NOSILK
U$2661, 223.70, 85.00, 90.00, 1515-LED-SMT550-NOSILK, 1515-LED-SMT550-NOSILK
U$2666, 214.90, 85.00, 90.00, 1515-LED-SMT550-NOSILK, 1515-LED-SMT550-NOSILK
U$2670, 206.10, 85.00, 90.00, 1515-LED-SMT550-NOSILK, 1515-LED-SMT550-NOSILK
U$2675, 197.30, 85.00, 90.00, 1515-LED-SMT550-NOSILK, 1515-LED-SMT550-NOSILK
U$2679, 188.50, 85.00, 90.00, 1515-LED-SMT550-NOSILK, 1515-LED-SMT550-NOSILK
U$2684, 179.70, 85.00, 90.00, 1515-LED-SMT550-NOSILK, 1515-LED-SMT550-NOSILK
U$2688, 170.90, 85.00, 90.00, 1515-LED-SMT550-NOSILK, 1515-LED-SMT550-NOSILK
U$2693, 162.10, 85.00, 90.00, 1515-LED-SMT550-NOSILK, 1515-LED-SMT550-NOSILK
U$2697, 153.30, 85.00, 90.00, 1515-LED-SMT550-NOSILK, 1515-LED-SMT550-NOSILK
U$2702, 144.50, 85.00, 90.00, 1515-LED-SMT550-NOSILK, 1515-LED-SMT550-NOSILK
U$2706, 135.70, 85.00, 90.00, 1515-LED-SMT550-NOSILK, 1515-LED-SMT550-NOSILK
U$2711, 126.90, 85.00, 90.00, 1515-LED-SMT550-NOSILK, 1515-LED-SMT550-NOSILK
U$2715, 118.10, 85.00, 90.00, 1515-LED-SMT550-NOSILK, 1515-LED-SMT550-NOSILK
U$2720, 109.30, 85.00, 90.00, 1515-LED-SMT550-NOSILK, 1515-LED-SMT550-NOSILK
U$2724, 100.50, 85.00, 90.00, 1515-LED-SMT550-NOSILK, 1515-LED-SMT550-NOSILK
U$2729, 91.70, 85.00, 90.00, 1515-LED-SMT550-NOSILK, 1515-LED-SMT550-NOSILK
U$2733, 82.90, 85.00, 90.00, 1515-LED-SMT550-NOSILK, 1515-LED-SMT550-NOSILK
U$2738, 74.10, 85.00, 90.00, 1515-LED-SMT550-NOSILK, 1515-LED-SMT550-NOSILK
U$2742, 65.30, 85.00, 90.00, 1515-LED-SMT550-NOSILK, 1515-LED-SMT550-NOSILK
U$2747, 56.50, 85.00, 90.00, 1515-LED-SMT550-NOSILK, 1515-LED-SMT550-NOSILK
U$2751, 47.70, 85.00, 90.00, 1515-LED-SMT550-NOSILK, 1515-LED-SMT550-NOSILK
U$2756, 38.90, 85.00, 90.00, 1515-LED-SMT550-NOSILK, 1515-LED-SMT550-NOSILK
U$2760, 30.10, 85.00, 90.00, 1515-LED-SMT550-NOSILK, 1515-LED-SMT550-NOSILK
U$2765, 21.30, 85.00, 90.00, 1515-LED-SMT550-NOSILK, 1515-LED-SMT550-NOSILK
U$2769, 12.50, 85.00, 90.00, 1515-LED-SMT550-NOSILK, 1515-LED-SMT550-NOSILK
U$2935, 327.22, 94.00, 90.00, 4-PIN-RAY-WU-13.5MM, 4PIN-RAY-WU-EDGE-CONNECTOR
U$2938, 320.50, 94.00, 90.00, 1515-LED-SMT550-NOSILK, 1515-LED-SMT550-NOSILK
U$2942, 311.70, 94.00, 90.00, 1515-LED-SMT550-NOSILK, 1515-LED-SMT550-NOSILK
U$2947, 302.90, 94.00, 90.00, 1515-LED-SMT550-NOSILK, 1515-LED-SMT550-NOSILK
U$2951, 294.10, 94.00, 90.00, 1515-LED-SMT550-NOSILK, 1515-LED-SMT550-NOSILK
U$2956, 285.30, 94.00, 90.00, 1515-LED-SMT550-NOSILK, 1515-LED-SMT550-NOSILK
U$2960, 276.50, 94.00, 90.00, 1515-LED-SMT550-NOSILK, 1515-LED-SMT550-NOSILK
U$2965, 267.70, 94.00, 90.00, 1515-LED-SMT550-NOSILK, 1515-LED-SMT550-NOSILK
U$2969, 258.90, 94.00, 90.00, 1515-LED-SMT550-NOSILK, 1515-LED-SMT550-NOSILK
U$2974, 250.10, 94.00, 90.00, 1515-LED-SMT550-NOSILK, 1515-LED-SMT550-NOSILK
U$2978, 241.30, 94.00, 90.00, 1515-LED-SMT550-NOSILK, 1515-LED-SMT550-NOSILK
U$2983, 232.50, 94.00, 90.00, 1515-LED-SMT550-NOSILK, 1515-LED-SMT550-NOSILK
U$2987, 223.70, 94.00, 90.00, 1515-LED-SMT550-NOSILK, 1515-LED-SMT550-NOSILK
U$2992, 214.90, 94.00, 90.00, 1515-LED-SMT550-NOSILK, 1515-LED-SMT550-NOSILK
U$2996, 206.10, 94.00, 90.00, 1515-LED-SMT550-NOSILK, 1515-LED-SMT550-NOSILK
U$3001, 197.30, 94.00, 90.00, 1515-LED-SMT550-NOSILK, 1515-LED-SMT550-NOSILK
U$3005, 188.50, 94.00, 90.00, 1515-LED-SMT550-NOSILK, 1515-LED-SMT550-NOSILK
U$3010, 179.70, 94.00, 90.00, 1515-LED-SMT550-NOSILK, 1515-LED-SMT550-NOSILK
U$3014, 170.90, 94.00, 90.00, 1515-LED-SMT550-NOSILK, 1515-LED-SMT550-NOSILK
U$3019, 162.10, 94.00, 90.00, 1515-LED-SMT550-NOSILK, 1515-LED-SMT550-NOSILK
U$3023, 153.30, 94.00, 90.00, 1515-LED-SMT550-NOSILK, 1515-LED-SMT550-NOSILK
U$3028, 144.50, 94.00, 90.00, 1515-LED-SMT550-NOSILK, 1515-LED-SMT550-NOSILK
U$3032, 135.70, 94.00, 90.00, 1515-LED-SMT550-NOSILK, 1515-LED-SMT550-NOSILK
U$3037, 126.90, 94.00, 90.00, 1515-LED-SMT550-NOSILK, 1515-LED-SMT550-NOSILK
U$3041, 118.10, 94.00, 90.00, 1515-LED-SMT550-NOSILK, 1515-LED-SMT550-NOSILK
U$3046, 109.30, 94.00, 90.00, 1515-LED-SMT550-NOSILK, 1515-LED-SMT550-NOSILK
U$3050, 100.50, 94.00, 90.00, 1515-LED-SMT550-NOSILK, 1515-LED-SMT550-NOSILK
U$3055, 91.70, 94.00, 90.00, 1515-LED-SMT550-NOSILK, 1515-LED-SMT550-NOSILK
U$3059, 82.90, 94.00, 90.00, 1515-LED-SMT550-NOSILK, 1515-LED-SMT550-NOSILK
U$3064, 74.10, 94.00, 90.00, 1515-LED-SMT550-NOSILK, 1515-LED-SMT550-NOSILK
U$3068, 65.30, 94.00, 90.00, 1515-LED-SMT550-NOSILK, 1515-LED-SMT550-NOSILK
U$3073, 56.50, 94.00, 90.00, 1515-LED-SMT550-NOSILK, 1515-LED-SMT550-NOSILK
U$3077, 47.70, 94.00, 90.00, 1515-LED-SMT550-NOSILK, 1515-LED-SMT550-NOSILK
U$3082, 38.90, 94.00, 90.00, 1515-LED-SMT550-NOSILK, 1515-LED-SMT550-NOSILK
U$3086, 30.10, 94.00, 90.00, 1515-LED-SMT550-NOSILK, 1515-LED-SMT550-NOSILK
U$3091, 21.30, 94.00, 90.00, 1515-LED-SMT550-NOSILK, 1515-LED-SMT550-NOSILK
U$3095, 12.50, 94.00, 90.00, 1515-LED-SMT550-NOSILK, 1515-LED-SMT550-NOSILK
U$3261, 327.22, 103.00, 90.00, 4-PIN-RAY-WU-13.5MM, 4PIN-RAY-WU-EDGE-CONNECTOR
U$3264, 320.50, 103.00, 90.00, 1515-LED-SMT550-NOSILK, 1515-LED-SMT550-NOSILK
U$3268, 311.70, 103.00, 90.00, 1515-LED-SMT550-NOSILK, 1515-LED-SMT550-NOSILK
U$327, 327.22, 22.00, 90.00, 4-PIN-RAY-WU-13.5MM, 4PIN-RAY-WU-EDGE-CONNECTOR
U$3273, 302.90, 103.00, 90.00, 1515-LED-SMT550-NOSILK, 1515-LED-SMT550-NOSILK
U$3277, 294.10, 103.00, 90.00, 1515-LED-SMT550-NOSILK, 1515-LED-SMT550-NOSILK
U$3282, 285.30, 103.00, 90.00, 1515-LED-SMT550-NOSILK, 1515-LED-SMT550-NOSILK
U$3286, 276.50, 103.00, 90.00, 1515-LED-SMT550-NOSILK, 1515-LED-SMT550-NOSILK
U$3291, 267.70, 103.00, 90.00, 1515-LED-SMT550-NOSILK, 1515-LED-SMT550-NOSILK
U$3295, 258.90, 103.00, 90.00, 1515-LED-SMT550-NOSILK, 1515-LED-SMT550-NOSILK
U$330, 320.50, 22.00, 90.00, 1515-LED-SMT550-NOSILK, 1515-LED-SMT550-NOSILK
U$3300, 250.10, 103.00, 90.00, 1515-LED-SMT550-NOSILK, 1515-LED-SMT550-NOSILK
U$3304, 241.30, 103.00, 90.00, 1515-LED-SMT550-NOSILK, 1515-LED-SMT550-NOSILK
U$3309, 232.50, 103.00, 90.00, 1515-LED-SMT550-NOSILK, 1515-LED-SMT550-NOSILK
U$3313, 223.70, 103.00, 90.00, 1515-LED-SMT550-NOSILK, 1515-LED-SMT550-NOSILK
U$3318, 214.90, 103.00, 90.00, 1515-LED-SMT550-NOSILK, 1515-LED-SMT550-NOSILK
U$3322, 206.10, 103.00, 90.00, 1515-LED-SMT550-NOSILK, 1515-LED-SMT550-NOSILK
U$3327, 197.30, 103.00, 90.00, 1515-LED-SMT550-NOSILK, 1515-LED-SMT550-NOSILK
U$3331, 188.50, 103.00, 90.00, 1515-LED-SMT550-NOSILK, 1515-LED-SMT550-NOSILK
U$3336, 179.70, 103.00, 90.00, 1515-LED-SMT550-NOSILK, 1515-LED-SMT550-NOSILK
U$334, 311.70, 22.00, 90.00, 1515-LED-SMT550-NOSILK, 1515-LED-SMT550-NOSILK
U$3340, 170.90, 103.00, 90.00, 1515-LED-SMT550-NOSILK, 1515-LED-SMT550-NOSILK
U$3345, 162.10, 103.00, 90.00, 1515-LED-SMT550-NOSILK, 1515-LED-SMT550-NOSILK
U$3349, 153.30, 103.00, 90.00, 1515-LED-SMT550-NOSILK, 1515-LED-SMT550-NOSILK
U$3354, 144.50, 103.00, 90.00, 1515-LED-SMT550-NOSILK, 1515-LED-SMT550-NOSILK
U$3358, 135.70, 103.00, 90.00, 1515-LED-SMT550-NOSILK, 1515-LED-SMT550-NOSILK
U$3363, 126.90, 103.00, 90.00, 1515-LED-SMT550-NOSILK, 1515-LED-SMT550-NOSILK
U$3367, 118.10, 103.00, 90.00, 1515-LED-SMT550-NOSILK, 1515-LED-SMT550-NOSILK
U$3372, 109.30, 103.00, 90.00, 1515-LED-SMT550-NOSILK, 1515-LED-SMT550-NOSILK
U$3376, 100.50, 103.00, 90.00, 1515-LED-SMT550-NOSILK, 1515-LED-SMT550-NOSILK
U$3381, 91.70, 103.00, 90.00, 1515-LED-SMT550-NOSILK, 1515-LED-SMT550-NOSILK
U$3385, 82.90, 103.00, 90.00, 1515-LED-SMT550-NOSILK, 1515-LED-SMT550-NOSILK
U$339, 302.90, 22.00, 90.00, 1515-LED-SMT550-NOSILK, 1515-LED-SMT550-NOSILK
U$3390, 74.10, 103.00, 90.00, 1515-LED-SMT550-NOSILK, 1515-LED-SMT550-NOSILK
U$3394, 65.30, 103.00, 90.00, 1515-LED-SMT550-NOSILK, 1515-LED-SMT550-NOSILK
U$3399, 56.50, 103.00, 90.00, 1515-LED-SMT550-NOSILK, 1515-LED-SMT550-NOSILK
U$3403, 47.70, 103.00, 90.00, 1515-LED-SMT550-NOSILK, 1515-LED-SMT550-NOSILK
U$3408, 38.90, 103.00, 90.00, 1515-LED-SMT550-NOSILK, 1515-LED-SMT550-NOSILK
U$3412, 30.10, 103.00, 90.00, 1515-LED-SMT550-NOSILK, 1515-LED-SMT550-NOSILK
U$3417, 21.30, 103.00, 90.00, 1515-LED-SMT550-NOSILK, 1515-LED-SMT550-NOSILK
U$3421, 12.50, 103.00, 90.00, 1515-LED-SMT550-NOSILK, 1515-LED-SMT550-NOSILK
U$343, 294.10, 22.00, 90.00, 1515-LED-SMT550-NOSILK, 1515-LED-SMT550-NOSILK
U$348, 285.30, 22.00, 90.00, 1515-LED-SMT550-NOSILK, 1515-LED-SMT550-NOSILK
U$35, 294.10, 13.00, 90.00, 1515-LED-SMT550-NOSILK, 1515-LED-SMT550-NOSILK
U$352, 276.50, 22.00, 90.00, 1515-LED-SMT550-NOSILK, 1515-LED-SMT550-NOSILK
U$357, 267.70, 22.00, 90.00, 1515-LED-SMT550-NOSILK, 1515-LED-SMT550-NOSILK
U$3587, 327.22, 112.00, 90.00, 4-PIN-RAY-WU-13.5MM, 4PIN-RAY-WU-EDGE-CONNECTOR
U$3590, 320.50, 112.00, 90.00, 1515-LED-SMT550-NOSILK, 1515-LED-SMT550-NOSILK
U$3594, 311.70, 112.00, 90.00, 1515-LED-SMT550-NOSILK, 1515-LED-SMT550-NOSILK
U$3599, 302.90, 112.00, 90.00, 1515-LED-SMT550-NOSILK, 1515-LED-SMT550-NOSILK
U$3603, 294.10, 112.00, 90.00, 1515-LED-SMT550-NOSILK, 1515-LED-SMT550-NOSILK
U$3608, 285.30, 112.00, 90.00, 1515-LED-SMT550-NOSILK, 1515-LED-SMT550-NOSILK
U$361, 258.90, 22.00, 90.00, 1515-LED-SMT550-NOSILK, 1515-LED-SMT550-NOSILK
U$3612, 276.50, 112.00, 90.00, 1515-LED-SMT550-NOSILK, 1515-LED-SMT550-NOSILK
U$3617, 267.70, 112.00, 90.00, 1515-LED-SMT550-NOSILK, 1515-LED-SMT550-NOSILK
U$3621, 258.90, 112.00, 90.00, 1515-LED-SMT550-NOSILK, 1515-LED-SMT550-NOSILK
U$3626, 250.10, 112.00, 90.00, 1515-LED-SMT550-NOSILK, 1515-LED-SMT550-NOSILK
U$3630, 241.30, 112.00, 90.00, 1515-LED-SMT550-NOSILK, 1515-LED-SMT550-NOSILK
U$3635, 232.50, 112.00, 90.00, 1515-LED-SMT550-NOSILK, 1515-LED-SMT550-NOSILK
U$3639, 223.70, 112.00, 90.00, 1515-LED-SMT550-NOSILK, 1515-LED-SMT550-NOSILK
U$3644, 214.90, 112.00, 90.00, 1515-LED-SMT550-NOSILK, 1515-LED-SMT550-NOSILK
U$3648, 206.10, 112.00, 90.00, 1515-LED-SMT550-NOSILK, 1515-LED-SMT550-NOSILK
U$3653, 197.30, 112.00, 90.00, 1515-LED-SMT550-NOSILK, 1515-LED-SMT550-NOSILK
U$3657, 188.50, 112.00, 90.00, 1515-LED-SMT550-NOSILK, 1515-LED-SMT550-NOSILK
U$366, 250.10, 22.00, 90.00, 1515-LED-SMT550-NOSILK, 1515-LED-SMT550-NOSILK
U$3662, 179.70, 112.00, 90.00, 1515-LED-SMT550-NOSILK, 1515-LED-SMT550-NOSILK
U$3666, 170.90, 112.00, 90.00, 1515-LED-SMT550-NOSILK, 1515-LED-SMT550-NOSILK
U$3671, 162.10, 112.00, 90.00, 1515-LED-SMT550-NOSILK, 1515-LED-SMT550-NOSILK
U$3675, 153.30, 112.00, 90.00, 1515-LED-SMT550-NOSILK, 1515-LED-SMT550-NOSILK
U$3680, 144.50, 112.00, 90.00, 1515-LED-SMT550-NOSILK, 1515-LED-SMT550-NOSILK
U$3684, 135.70, 112.00, 90.00, 1515-LED-SMT550-NOSILK, 1515-LED-SMT550-NOSILK
U$3689, 126.90, 112.00, 90.00, 1515-LED-SMT550-NOSILK, 1515-LED-SMT550-NOSILK
U$3693, 118.10, 112.00, 90.00, 1515-LED-SMT550-NOSILK, 1515-LED-SMT550-NOSILK
U$3698, 109.30, 112.00, 90.00, 1515-LED-SMT550-NOSILK, 1515-LED-SMT550-NOSILK
U$370, 241.30, 22.00, 90.00, 1515-LED-SMT550-NOSILK, 1515-LED-SMT550-NOSILK
U$3702, 100.50, 112.00, 90.00, 1515-LED-SMT550-NOSILK, 1515-LED-SMT550-NOSILK
U$3707, 91.70, 112.00, 90.00, 1515-LED-SMT550-NOSILK, 1515-LED-SMT550-NOSILK
U$3711, 82.90, 112.00, 90.00, 1515-LED-SMT550-NOSILK, 1515-LED-SMT550-NOSILK
U$3716, 74.10, 112.00, 90.00, 1515-LED-SMT550-NOSILK, 1515-LED-SMT550-NOSILK
U$3720, 65.30, 112.00, 90.00, 1515-LED-SMT550-NOSILK, 1515-LED-SMT550-NOSILK
U$3725, 56.50, 112.00, 90.00, 1515-LED-SMT550-NOSILK, 1515-LED-SMT550-NOSILK
U$3729, 47.70, 112.00, 90.00, 1515-LED-SMT550-NOSILK, 1515-LED-SMT550-NOSILK
U$3734, 38.90, 112.00, 90.00, 1515-LED-SMT550-NOSILK, 1515-LED-SMT550-NOSILK
U$3738, 30.10, 112.00, 90.00, 1515-LED-SMT550-NOSILK, 1515-LED-SMT550-NOSILK
U$3743, 21.30, 112.00, 90.00, 1515-LED-SMT550-NOSILK, 1515-LED-SMT550-NOSILK
U$3747, 12.50, 112.00, 90.00, 1515-LED-SMT550-NOSILK, 1515-LED-SMT550-NOSILK
U$375, 232.50, 22.00, 90.00, 1515-LED-SMT550-NOSILK, 1515-LED-SMT550-NOSILK
U$379, 223.70, 22.00, 90.00, 1515-LED-SMT550-NOSILK, 1515-LED-SMT550-NOSILK
U$384, 214.90, 22.00, 90.00, 1515-LED-SMT550-NOSILK, 1515-LED-SMT550-NOSILK
U$388, 206.10, 22.00, 90.00, 1515-LED-SMT550-NOSILK, 1515-LED-SMT550-NOSILK
U$3913, 327.22, 121.00, 90.00, 4-PIN-RAY-WU-13.5MM, 4PIN-RAY-WU-EDGE-CONNECTOR
U$3916, 320.50, 121.00, 90.00, 1515-LED-SMT550-NOSILK, 1515-LED-SMT550-NOSILK
U$3920, 311.70, 121.00, 90.00, 1515-LED-SMT550-NOSILK, 1515-LED-SMT550-NOSILK
U$3925, 302.90, 121.00, 90.00, 1515-LED-SMT550-NOSILK, 1515-LED-SMT550-NOSILK
U$3929, 294.10, 121.00, 90.00, 1515-LED-SMT550-NOSILK, 1515-LED-SMT550-NOSILK
U$393, 197.30, 22.00, 90.00, 1515-LED-SMT550-NOSILK, 1515-LED-SMT550-NOSILK
U$3934, 285.30, 121.00, 90.00, 1515-LED-SMT550-NOSILK, 1515-LED-SMT550-NOSILK
U$3938, 276.50, 121.00, 90.00, 1515-LED-SMT550-NOSILK, 1515-LED-SMT550-NOSILK
U$3943, 267.70, 121.00, 90.00, 1515-LED-SMT550-NOSILK, 1515-LED-SMT550-NOSILK
U$3947, 258.90, 121.00, 90.00, 1515-LED-SMT550-NOSILK, 1515-LED-SMT550-NOSILK
U$3952, 250.10, 121.00, 90.00, 1515-LED-SMT550-NOSILK, 1515-LED-SMT550-NOSILK
U$3956, 241.30, 121.00, 90.00, 1515-LED-SMT550-NOSILK, 1515-LED-SMT550-NOSILK
U$3961, 232.50, 121.00, 90.00, 1515-LED-SMT550-NOSILK, 1515-LED-SMT550-NOSILK
U$3965, 223.70, 121.00, 90.00, 1515-LED-SMT550-NOSILK, 1515-LED-SMT550-NOSILK
U$397, 188.50, 22.00, 90.00, 1515-LED-SMT550-NOSILK, 1515-LED-SMT550-NOSILK
U$3970, 214.90, 121.00, 90.00, 1515-LED-SMT550-NOSILK, 1515-LED-SMT550-NOSILK
U$3974, 206.10, 121.00, 90.00, 1515-LED-SMT550-NOSILK, 1515-LED-SMT550-NOSILK
U$3979, 197.30, 121.00, 90.00, 1515-LED-SMT550-NOSILK, 1515-LED-SMT550-NOSILK
U$3983, 188.50, 121.00, 90.00, 1515-LED-SMT550-NOSILK, 1515-LED-SMT550-NOSILK
U$3988, 179.70, 121.00, 90.00, 1515-LED-SMT550-NOSILK, 1515-LED-SMT550-NOSILK
U$3992, 170.90, 121.00, 90.00, 1515-LED-SMT550-NOSILK, 1515-LED-SMT550-NOSILK
U$3997, 162.10, 121.00, 90.00, 1515-LED-SMT550-NOSILK, 1515-LED-SMT550-NOSILK
U$4, 320.50, 13.00, 90.00, 1515-LED-SMT550-NOSILK, 1515-LED-SMT550-NOSILK
U$4001, 153.30, 121.00, 90.00, 1515-LED-SMT550-NOSILK, 1515-LED-SMT550-NOSILK
U$4006, 144.50, 121.00, 90.00, 1515-LED-SMT550-NOSILK, 1515-LED-SMT550-NOSILK
U$4010, 135.70, 121.00, 90.00, 1515-LED-SMT550-NOSILK, 1515-LED-SMT550-NOSILK
U$4015, 126.90, 121.00, 90.00, 1515-LED-SMT550-NOSILK, 1515-LED-SMT550-NOSILK
U$4019, 118.10, 121.00, 90.00, 1515-LED-SMT550-NOSILK, 1515-LED-SMT550-NOSILK
U$402, 179.70, 22.00, 90.00, 1515-LED-SMT550-NOSILK, 1515-LED-SMT550-NOSILK
U$4024, 109.30, 121.00, 90.00, 1515-LED-SMT550-NOSILK, 1515-LED-SMT550-NOSILK
U$4028, 100.50, 121.00, 90.00, 1515-LED-SMT550-NOSILK, 1515-LED-SMT550-NOSILK
U$4033, 91.70, 121.00, 90.00, 1515-LED-SMT550-NOSILK, 1515-LED-SMT550-NOSILK
U$4037, 82.90, 121.00, 90.00, 1515-LED-SMT550-NOSILK, 1515-LED-SMT550-NOSILK
U$4042, 74.10, 121.00, 90.00, 1515-LED-SMT550-NOSILK, 1515-LED-SMT550-NOSILK
U$4046, 65.30, 121.00, 90.00, 1515-LED-SMT550-NOSILK, 1515-LED-SMT550-NOSILK
U$4051, 56.50, 121.00, 90.00, 1515-LED-SMT550-NOSILK, 1515-LED-SMT550-NOSILK
U$4055, 47.70, 121.00, 90.00, 1515-LED-SMT550-NOSILK, 1515-LED-SMT550-NOSILK
U$406, 170.90, 22.00, 90.00, 1515-LED-SMT550-NOSILK, 1515-LED-SMT550-NOSILK
U$4060, 38.90, 121.00, 90.00, 1515-LED-SMT550-NOSILK, 1515-LED-SMT550-NOSILK
U$4064, 30.10, 121.00, 90.00, 1515-LED-SMT550-NOSILK, 1515-LED-SMT550-NOSILK
U$4069, 21.30, 121.00, 90.00, 1515-LED-SMT550-NOSILK, 1515-LED-SMT550-NOSILK
U$4073, 12.50, 121.00, 90.00, 1515-LED-SMT550-NOSILK, 1515-LED-SMT550-NOSILK
U$411, 162.10, 22.00, 90.00, 1515-LED-SMT550-NOSILK, 1515-LED-SMT550-NOSILK
U$415, 153.30, 22.00, 90.00, 1515-LED-SMT550-NOSILK, 1515-LED-SMT550-NOSILK
U$420, 144.50, 22.00, 90.00, 1515-LED-SMT550-NOSILK, 1515-LED-SMT550-NOSILK
U$4239, 327.22, 130.00, 90.00, 4-PIN-RAY-WU-13.5MM, 4PIN-RAY-WU-EDGE-CONNECTOR
U$424, 135.70, 22.00, 90.00, 1515-LED-SMT550-NOSILK, 1515-LED-SMT550-NOSILK
U$4242, 320.50, 130.00, 90.00, 1515-LED-SMT550-NOSILK, 1515-LED-SMT550-NOSILK
U$4246, 311.70, 130.00, 90.00, 1515-LED-SMT550-NOSILK, 1515-LED-SMT550-NOSILK
U$4251, 302.90, 130.00, 90.00, 1515-LED-SMT550-NOSILK, 1515-LED-SMT550-NOSILK
U$4255, 294.10, 130.00, 90.00, 1515-LED-SMT550-NOSILK, 1515-LED-SMT550-NOSILK
U$4260, 285.30, 130.00, 90.00, 1515-LED-SMT550-NOSILK, 1515-LED-SMT550-NOSILK
U$4264, 276.50, 130.00, 90.00, 1515-LED-SMT550-NOSILK, 1515-LED-SMT550-NOSILK
U$4269, 267.70, 130.00, 90.00, 1515-LED-SMT550-NOSILK, 1515-LED-SMT550-NOSILK
U$4273, 258.90, 130.00, 90.00, 1515-LED-SMT550-NOSILK, 1515-LED-SMT550-NOSILK
U$4278, 250.10, 130.00, 90.00, 1515-LED-SMT550-NOSILK, 1515-LED-SMT550-NOSILK
U$4282, 241.30, 130.00, 90.00, 1515-LED-SMT550-NOSILK, 1515-LED-SMT550-NOSILK
U$4287, 232.50, 130.00, 90.00, 1515-LED-SMT550-NOSILK, 1515-LED-SMT550-NOSILK
U$429, 126.90, 22.00, 90.00, 1515-LED-SMT550-NOSILK, 1515-LED-SMT550-NOSILK
U$4291, 223.70, 130.00, 90.00, 1515-LED-SMT550-NOSILK, 1515-LED-SMT550-NOSILK
U$4296, 214.90, 130.00, 90.00, 1515-LED-SMT550-NOSILK, 1515-LED-SMT550-NOSILK
U$4300, 206.10, 130.00, 90.00, 1515-LED-SMT550-NOSILK, 1515-LED-SMT550-NOSILK
U$4305, 197.30, 130.00, 90.00, 1515-LED-SMT550-NOSILK, 1515-LED-SMT550-NOSILK
U$4309, 188.50, 130.00, 90.00, 1515-LED-SMT550-NOSILK, 1515-LED-SMT550-NOSILK
U$4314, 179.70, 130.00, 90.00, 1515-LED-SMT550-NOSILK, 1515-LED-SMT550-NOSILK
U$4318, 170.90, 130.00, 90.00, 1515-LED-SMT550-NOSILK, 1515-LED-SMT550-NOSILK
U$4323, 162.10, 130.00, 90.00, 1515-LED-SMT550-NOSILK, 1515-LED-SMT550-NOSILK
U$4327, 153.30, 130.00, 90.00, 1515-LED-SMT550-NOSILK, 1515-LED-SMT550-NOSILK
U$433, 118.10, 22.00, 90.00, 1515-LED-SMT550-NOSILK, 1515-LED-SMT550-NOSILK
U$4332, 144.50, 130.00, 90.00, 1515-LED-SMT550-NOSILK, 1515-LED-SMT550-NOSILK
U$4336, 135.70, 130.00, 90.00, 1515-LED-SMT550-NOSILK, 1515-LED-SMT550-NOSILK
U$4341, 126.90, 130.00, 90.00, 1515-LED-SMT550-NOSILK, 1515-LED-SMT550-NOSILK
U$4345, 118.10, 130.00, 90.00, 1515-LED-SMT550-NOSILK, 1515-LED-SMT550-NOSILK
U$4350, 109.30, 130.00, 90.00, 1515-LED-SMT550-NOSILK, 1515-LED-SMT550-NOSILK
U$4354, 100.50, 130.00, 90.00, 1515-LED-SMT550-NOSILK, 1515-LED-SMT550-NOSILK
U$4359, 91.70, 130.00, 90.00, 1515-LED-SMT550-NOSILK, 1515-LED-SMT550-NOSILK
U$4363, 82.90, 130.00, 90.00, 1515-LED-SMT550-NOSILK, 1515-LED-SMT550-NOSILK
U$4368, 74.10, 130.00, 90.00, 1515-LED-SMT550-NOSILK, 1515-LED-SMT550-NOSILK
U$4372, 65.30, 130.00, 90.00, 1515-LED-SMT550-NOSILK, 1515-LED-SMT550-NOSILK
U$4377, 56.50, 130.00, 90.00, 1515-LED-SMT550-NOSILK, 1515-LED-SMT550-NOSILK
U$438, 109.30, 22.00, 90.00, 1515-LED-SMT550-NOSILK, 1515-LED-SMT550-NOSILK
U$4381, 47.70, 130.00, 90.00, 1515-LED-SMT550-NOSILK, 1515-LED-SMT550-NOSILK
U$4386, 38.90, 130.00, 90.00, 1515-LED-SMT550-NOSILK, 1515-LED-SMT550-NOSILK
U$4390, 30.10, 130.00, 90.00, 1515-LED-SMT550-NOSILK, 1515-LED-SMT550-NOSILK
U$4395, 21.30, 130.00, 90.00, 1515-LED-SMT550-NOSILK, 1515-LED-SMT550-NOSILK
U$4399, 12.50, 130.00, 90.00, 1515-LED-SMT550-NOSILK, 1515-LED-SMT550-NOSILK
U$442, 100.50, 22.00, 90.00, 1515-LED-SMT550-NOSILK, 1515-LED-SMT550-NOSILK
U$447, 91.70, 22.00, 90.00, 1515-LED-SMT550-NOSILK, 1515-LED-SMT550-NOSILK
U$45, 285.30, 13.00, 90.00, 1515-LED-SMT550-NOSILK, 1515-LED-SMT550-NOSILK
U$451, 82.90, 22.00, 90.00, 1515-LED-SMT550-NOSILK, 1515-LED-SMT550-NOSILK
U$456, 74.10, 22.00, 90.00, 1515-LED-SMT550-NOSILK, 1515-LED-SMT550-NOSILK
U$4565, 327.22, 139.00, 90.00, 4-PIN-RAY-WU-13.5MM, 4PIN-RAY-WU-EDGE-CONNECTOR
U$4568, 320.50, 139.00, 90.00, 1515-LED-SMT550-NOSILK, 1515-LED-SMT550-NOSILK
U$4572, 311.70, 139.00, 90.00, 1515-LED-SMT550-NOSILK, 1515-LED-SMT550-NOSILK
U$4577, 302.90, 139.00, 90.00, 1515-LED-SMT550-NOSILK, 1515-LED-SMT550-NOSILK
U$4581, 294.10, 139.00, 90.00, 1515-LED-SMT550-NOSILK, 1515-LED-SMT550-NOSILK
U$4586, 285.30, 139.00, 90.00, 1515-LED-SMT550-NOSILK, 1515-LED-SMT550-NOSILK
U$4590, 276.50, 139.00, 90.00, 1515-LED-SMT550-NOSILK, 1515-LED-SMT550-NOSILK
U$4595, 267.70, 139.00, 90.00, 1515-LED-SMT550-NOSILK, 1515-LED-SMT550-NOSILK
U$4599, 258.90, 139.00, 90.00, 1515-LED-SMT550-NOSILK, 1515-LED-SMT550-NOSILK
U$460, 65.30, 22.00, 90.00, 1515-LED-SMT550-NOSILK, 1515-LED-SMT550-NOSILK
U$4604, 250.10, 139.00, 90.00, 1515-LED-SMT550-NOSILK, 1515-LED-SMT550-NOSILK
U$4608, 241.30, 139.00, 90.00, 1515-LED-SMT550-NOSILK, 1515-LED-SMT550-NOSILK
U$4613, 232.50, 139.00, 90.00, 1515-LED-SMT550-NOSILK, 1515-LED-SMT550-NOSILK
U$4617, 223.70, 139.00, 90.00, 1515-LED-SMT550-NOSILK, 1515-LED-SMT550-NOSILK
U$4622, 214.90, 139.00, 90.00, 1515-LED-SMT550-NOSILK, 1515-LED-SMT550-NOSILK
U$4626, 206.10, 139.00, 90.00, 1515-LED-SMT550-NOSILK, 1515-LED-SMT550-NOSILK
U$4631, 197.30, 139.00, 90.00, 1515-LED-SMT550-NOSILK, 1515-LED-SMT550-NOSILK
U$4635, 188.50, 139.00, 90.00, 1515-LED-SMT550-NOSILK, 1515-LED-SMT550-NOSILK
U$4640, 179.70, 139.00, 90.00, 1515-LED-SMT550-NOSILK, 1515-LED-SMT550-NOSILK
U$4644, 170.90, 139.00, 90.00, 1515-LED-SMT550-NOSILK, 1515-LED-SMT550-NOSILK
U$4649, 162.10, 139.00, 90.00, 1515-LED-SMT550-NOSILK, 1515-LED-SMT550-NOSILK
U$465, 56.50, 22.00, 90.00, 1515-LED-SMT550-NOSILK, 1515-LED-SMT550-NOSILK
U$4653, 153.30, 139.00, 90.00, 1515-LED-SMT550-NOSILK, 1515-LED-SMT550-NOSILK
U$4658, 144.50, 139.00, 90.00, 1515-LED-SMT550-NOSILK, 1515-LED-SMT550-NOSILK
U$4662, 135.70, 139.00, 90.00, 1515-LED-SMT550-NOSILK, 1515-LED-SMT550-NOSILK
U$4667, 126.90, 139.00, 90.00, 1515-LED-SMT550-NOSILK, 1515-LED-SMT550-NOSILK
U$4671, 118.10, 139.00, 90.00, 1515-LED-SMT550-NOSILK, 1515-LED-SMT550-NOSILK
U$4676, 109.30, 139.00, 90.00, 1515-LED-SMT550-NOSILK, 1515-LED-SMT550-NOSILK
U$4680, 100.50, 139.00, 90.00, 1515-LED-SMT550-NOSILK, 1515-LED-SMT550-NOSILK
U$4685, 91.70, 139.00, 90.00, 1515-LED-SMT550-NOSILK, 1515-LED-SMT550-NOSILK
U$4689, 82.90, 139.00, 90.00, 1515-LED-SMT550-NOSILK, 1515-LED-SMT550-NOSILK
U$469, 47.70, 22.00, 90.00, 1515-LED-SMT550-NOSILK, 1515-LED-SMT550-NOSILK
U$4694, 74.10, 139.00, 90.00, 1515-LED-SMT550-NOSILK, 1515-LED-SMT550-NOSILK
U$4698, 65.30, 139.00, 90.00, 1515-LED-SMT550-NOSILK, 1515-LED-SMT550-NOSILK
U$4703, 56.50, 139.00, 90.00, 1515-LED-SMT550-NOSILK, 1515-LED-SMT550-NOSILK
U$4707, 47.70, 139.00, 90.00, 1515-LED-SMT550-NOSILK, 1515-LED-SMT550-NOSILK
U$4712, 38.90, 139.00, 90.00, 1515-LED-SMT550-NOSILK, 1515-LED-SMT550-NOSILK
U$4716, 30.10, 139.00, 90.00, 1515-LED-SMT550-NOSILK, 1515-LED-SMT550-NOSILK
U$4721, 21.30, 139.00, 90.00, 1515-LED-SMT550-NOSILK, 1515-LED-SMT550-NOSILK
U$4725, 12.50, 139.00, 90.00, 1515-LED-SMT550-NOSILK, 1515-LED-SMT550-NOSILK
U$474, 38.90, 22.00, 90.00, 1515-LED-SMT550-NOSILK, 1515-LED-SMT550-NOSILK
U$478, 30.10, 22.00, 90.00, 1515-LED-SMT550-NOSILK, 1515-LED-SMT550-NOSILK
U$483, 21.30, 22.00, 90.00, 1515-LED-SMT550-NOSILK, 1515-LED-SMT550-NOSILK
U$487, 12.50, 22.00, 90.00, 1515-LED-SMT550-NOSILK, 1515-LED-SMT550-NOSILK
U$4891, 327.22, 148.00, 90.00, 4-PIN-RAY-WU-13.5MM, 4PIN-RAY-WU-EDGE-CONNECTOR
U$4894, 320.50, 148.00, 90.00, 1515-LED-SMT550-NOSILK, 1515-LED-SMT550-NOSILK
U$4898, 311.70, 148.00, 90.00, 1515-LED-SMT550-NOSILK, 1515-LED-SMT550-NOSILK
U$4903, 302.90, 148.00, 90.00, 1515-LED-SMT550-NOSILK, 1515-LED-SMT550-NOSILK
U$4907, 294.10, 148.00, 90.00, 1515-LED-SMT550-NOSILK, 1515-LED-SMT550-NOSILK
U$4912, 285.30, 148.00, 90.00, 1515-LED-SMT550-NOSILK, 1515-LED-SMT550-NOSILK
U$4916, 276.50, 148.00, 90.00, 1515-LED-SMT550-NOSILK, 1515-LED-SMT550-NOSILK
U$4921, 267.70, 148.00, 90.00, 1515-LED-SMT550-NOSILK, 1515-LED-SMT550-NOSILK
U$4925, 258.90, 148.00, 90.00, 1515-LED-SMT550-NOSILK, 1515-LED-SMT550-NOSILK
U$4930, 250.10, 148.00, 90.00, 1515-LED-SMT550-NOSILK, 1515-LED-SMT550-NOSILK
U$4934, 241.30, 148.00, 90.00, 1515-LED-SMT550-NOSILK, 1515-LED-SMT550-NOSILK
U$4939, 232.50, 148.00, 90.00, 1515-LED-SMT550-NOSILK, 1515-LED-SMT550-NOSILK
U$4943, 223.70, 148.00, 90.00, 1515-LED-SMT550-NOSILK, 1515-LED-SMT550-NOSILK
U$4948, 214.90, 148.00, 90.00, 1515-LED-SMT550-NOSILK, 1515-LED-SMT550-NOSILK
U$4952, 206.10, 148.00, 90.00, 1515-LED-SMT550-NOSILK, 1515-LED-SMT550-NOSILK
U$4957, 197.30, 148.00, 90.00, 1515-LED-SMT550-NOSILK, 1515-LED-SMT550-NOSILK
U$4961, 188.50, 148.00, 90.00, 1515-LED-SMT550-NOSILK, 1515-LED-SMT550-NOSILK
U$4966, 179.70, 148.00, 90.00, 1515-LED-SMT550-NOSILK, 1515-LED-SMT550-NOSILK
U$4970, 170.90, 148.00, 90.00, 1515-LED-SMT550-NOSILK, 1515-LED-SMT550-NOSILK
U$4975, 162.10, 148.00, 90.00, 1515-LED-SMT550-NOSILK, 1515-LED-SMT550-NOSILK
U$4979, 153.30, 148.00, 90.00, 1515-LED-SMT550-NOSILK, 1515-LED-SMT550-NOSILK
U$4984, 144.50, 148.00, 90.00, 1515-LED-SMT550-NOSILK, 1515-LED-SMT550-NOSILK
U$4988, 135.70, 148.00, 90.00, 1515-LED-SMT550-NOSILK, 1515-LED-SMT550-NOSILK
U$4993, 126.90, 148.00, 90.00, 1515-LED-SMT550-NOSILK, 1515-LED-SMT550-NOSILK
U$4997, 118.10, 148.00, 90.00, 1515-LED-SMT550-NOSILK, 1515-LED-SMT550-NOSILK
U$5002, 109.30, 148.00, 90.00, 1515-LED-SMT550-NOSILK, 1515-LED-SMT550-NOSILK
U$5006, 100.50, 148.00, 90.00, 1515-LED-SMT550-NOSILK, 1515-LED-SMT550-NOSILK
U$5011, 91.70, 148.00, 90.00, 1515-LED-SMT550-NOSILK, 1515-LED-SMT550-NOSILK
U$5015, 82.90, 148.00, 90.00, 1515-LED-SMT550-NOSILK, 1515-LED-SMT550-NOSILK
U$5020, 74.10, 148.00, 90.00, 1515-LED-SMT550-NOSILK, 1515-LED-SMT550-NOSILK
U$5024, 65.30, 148.00, 90.00, 1515-LED-SMT550-NOSILK, 1515-LED-SMT550-NOSILK
U$5029, 56.50, 148.00, 90.00, 1515-LED-SMT550-NOSILK, 1515-LED-SMT550-NOSILK
U$5033, 47.70, 148.00, 90.00, 1515-LED-SMT550-NOSILK, 1515-LED-SMT550-NOSILK
U$5038, 38.90, 148.00, 90.00, 1515-LED-SMT550-NOSILK, 1515-LED-SMT550-NOSILK
U$5042, 30.10, 148.00, 90.00, 1515-LED-SMT550-NOSILK, 1515-LED-SMT550-NOSILK
U$5047, 21.30, 148.00, 90.00, 1515-LED-SMT550-NOSILK, 1515-LED-SMT550-NOSILK
U$5051, 12.50, 148.00, 90.00, 1515-LED-SMT550-NOSILK, 1515-LED-SMT550-NOSILK
U$5217, 327.22, 157.00, 90.00, 4-PIN-RAY-WU-13.5MM, 4PIN-RAY-WU-EDGE-CONNECTOR
U$5220, 320.50, 157.00, 90.00, 1515-LED-SMT550-NOSILK, 1515-LED-SMT550-NOSILK
U$5224, 311.70, 157.00, 90.00, 1515-LED-SMT550-NOSILK, 1515-LED-SMT550-NOSILK
U$5229, 302.90, 157.00, 90.00, 1515-LED-SMT550-NOSILK, 1515-LED-SMT550-NOSILK
U$5233, 294.10, 157.00, 90.00, 1515-LED-SMT550-NOSILK, 1515-LED-SMT550-NOSILK
U$5238, 285.30, 157.00, 90.00, 1515-LED-SMT550-NOSILK, 1515-LED-SMT550-NOSILK
U$5242, 276.50, 157.00, 90.00, 1515-LED-SMT550-NOSILK, 1515-LED-SMT550-NOSILK
U$5247, 267.70, 157.00, 90.00, 1515-LED-SMT550-NOSILK, 1515-LED-SMT550-NOSILK
U$5251, 258.90, 157.00, 90.00, 1515-LED-SMT550-NOSILK, 1515-LED-SMT550-NOSILK
U$5256, 250.10, 157.00, 90.00, 1515-LED-SMT550-NOSILK, 1515-LED-SMT550-NOSILK
U$5260, 241.30, 157.00, 90.00, 1515-LED-SMT550-NOSILK, 1515-LED-SMT550-NOSILK
U$5265, 232.50, 157.00, 90.00, 1515-LED-SMT550-NOSILK, 1515-LED-SMT550-NOSILK
U$5269, 223.70, 157.00, 90.00, 1515-LED-SMT550-NOSILK, 1515-LED-SMT550-NOSILK
U$5274, 214.90, 157.00, 90.00, 1515-LED-SMT550-NOSILK, 1515-LED-SMT550-NOSILK
U$5278, 206.10, 157.00, 90.00, 1515-LED-SMT550-NOSILK, 1515-LED-SMT550-NOSILK
U$5283, 197.30, 157.00, 90.00, 1515-LED-SMT550-NOSILK, 1515-LED-SMT550-NOSILK
U$5287, 188.50, 157.00, 90.00, 1515-LED-SMT550-NOSILK, 1515-LED-SMT550-NOSILK
U$5292, 179.70, 157.00, 90.00, 1515-LED-SMT550-NOSILK, 1515-LED-SMT550-NOSILK
U$5296, 170.90, 157.00, 90.00, 1515-LED-SMT550-NOSILK, 1515-LED-SMT550-NOSILK
U$5301, 162.10, 157.00, 90.00, 1515-LED-SMT550-NOSILK, 1515-LED-SMT550-NOSILK
U$5305, 153.30, 157.00, 90.00, 1515-LED-SMT550-NOSILK, 1515-LED-SMT550-NOSILK
U$5310, 144.50, 157.00, 90.00, 1515-LED-SMT550-NOSILK, 1515-LED-SMT550-NOSILK
U$5314, 135.70, 157.00, 90.00, 1515-LED-SMT550-NOSILK, 1515-LED-SMT550-NOSILK
U$5319, 126.90, 157.00, 90.00, 1515-LED-SMT550-NOSILK, 1515-LED-SMT550-NOSILK
U$5323, 118.10, 157.00, 90.00, 1515-LED-SMT550-NOSILK, 1515-LED-SMT550-NOSILK
U$5328, 109.30, 157.00, 90.00, 1515-LED-SMT550-NOSILK, 1515-LED-SMT550-NOSILK
U$5332, 100.50, 157.00, 90.00, 1515-LED-SMT550-NOSILK, 1515-LED-SMT550-NOSILK
U$5337, 91.70, 157.00, 90.00, 1515-LED-SMT550-NOSILK, 1515-LED-SMT550-NOSILK
U$5341, 82.90, 157.00, 90.00, 1515-LED-SMT550-NOSILK, 1515-LED-SMT550-NOSILK
U$5346, 74.10, 157.00, 90.00, 1515-LED-SMT550-NOSILK, 1515-LED-SMT550-NOSILK
U$5350, 65.30, 157.00, 90.00, 1515-LED-SMT550-NOSILK, 1515-LED-SMT550-NOSILK
U$5355, 56.50, 157.00, 90.00, 1515-LED-SMT550-NOSILK, 1515-LED-SMT550-NOSILK
U$5359, 47.70, 157.00, 90.00, 1515-LED-SMT550-NOSILK, 1515-LED-SMT550-NOSILK
U$5364, 38.90, 157.00, 90.00, 1515-LED-SMT550-NOSILK, 1515-LED-SMT550-NOSILK
U$5368, 30.10, 157.00, 90.00, 1515-LED-SMT550-NOSILK, 1515-LED-SMT550-NOSILK
U$5373, 21.30, 157.00, 90.00, 1515-LED-SMT550-NOSILK, 1515-LED-SMT550-NOSILK
U$5377, 12.50, 157.00, 90.00, 1515-LED-SMT550-NOSILK, 1515-LED-SMT550-NOSILK
U$55, 276.50, 13.00, 90.00, 1515-LED-SMT550-NOSILK, 1515-LED-SMT550-NOSILK
U$5543, 327.22, 166.00, 90.00, 4-PIN-RAY-WU-13.5MM, 4PIN-RAY-WU-EDGE-CONNECTOR
U$5546, 320.50, 166.00, 90.00, 1515-LED-SMT550-NOSILK, 1515-LED-SMT550-NOSILK
U$5550, 311.70, 166.00, 90.00, 1515-LED-SMT550-NOSILK, 1515-LED-SMT550-NOSILK
U$5555, 302.90, 166.00, 90.00, 1515-LED-SMT550-NOSILK, 1515-LED-SMT550-NOSILK
U$5559, 294.10, 166.00, 90.00, 1515-LED-SMT550-NOSILK, 1515-LED-SMT550-NOSILK
U$5564, 285.30, 166.00, 90.00, 1515-LED-SMT550-NOSILK, 1515-LED-SMT550-NOSILK
U$5568, 276.50, 166.00, 90.00, 1515-LED-SMT550-NOSILK, 1515-LED-SMT550-NOSILK
U$5573, 267.70, 166.00, 90.00, 1515-LED-SMT550-NOSILK, 1515-LED-SMT550-NOSILK
U$5577, 258.90, 166.00, 90.00, 1515-LED-SMT550-NOSILK, 1515-LED-SMT550-NOSILK
U$5582, 250.10, 166.00, 90.00, 1515-LED-SMT550-NOSILK, 1515-LED-SMT550-NOSILK
U$5586, 241.30, 166.00, 90.00, 1515-LED-SMT550-NOSILK, 1515-LED-SMT550-NOSILK
U$5591, 232.50, 166.00, 90.00, 1515-LED-SMT550-NOSILK, 1515-LED-SMT550-NOSILK
U$5595, 223.70, 166.00, 90.00, 1515-LED-SMT550-NOSILK, 1515-LED-SMT550-NOSILK
U$5600, 214.90, 166.00, 90.00, 1515-LED-SMT550-NOSILK, 1515-LED-SMT550-NOSILK
U$5604, 206.10, 166.00, 90.00, 1515-LED-SMT550-NOSILK, 1515-LED-SMT550-NOSILK
U$5609, 197.30, 166.00, 90.00, 1515-LED-SMT550-NOSILK, 1515-LED-SMT550-NOSILK
U$5613, 188.50, 166.00, 90.00, 1515-LED-SMT550-NOSILK, 1515-LED-SMT550-NOSILK
U$5618, 179.70, 166.00, 90.00, 1515-LED-SMT550-NOSILK, 1515-LED-SMT550-NOSILK
U$5622, 170.90, 166.00, 90.00, 1515-LED-SMT550-NOSILK, 1515-LED-SMT550-NOSILK
U$5627, 162.10, 166.00, 90.00, 1515-LED-SMT550-NOSILK, 1515-LED-SMT550-NOSILK
U$5631, 153.30, 166.00, 90.00, 1515-LED-SMT550-NOSILK, 1515-LED-SMT550-NOSILK
U$5636, 144.50, 166.00, 90.00, 1515-LED-SMT550-NOSILK, 1515-LED-SMT550-NOSILK
U$5640, 135.70, 166.00, 90.00, 1515-LED-SMT550-NOSILK, 1515-LED-SMT550-NOSILK
U$5645, 126.90, 166.00, 90.00, 1515-LED-SMT550-NOSILK, 1515-LED-SMT550-NOSILK
U$5649, 118.10, 166.00, 90.00, 1515-LED-SMT550-NOSILK, 1515-LED-SMT550-NOSILK
U$5654, 109.30, 166.00, 90.00, 1515-LED-SMT550-NOSILK, 1515-LED-SMT550-NOSILK
U$5658, 100.50, 166.00, 90.00, 1515-LED-SMT550-NOSILK, 1515-LED-SMT550-NOSILK
U$5663, 91.70, 166.00, 90.00, 1515-LED-SMT550-NOSILK, 1515-LED-SMT550-NOSILK
U$5667, 82.90, 166.00, 90.00, 1515-LED-SMT550-NOSILK, 1515-LED-SMT550-NOSILK
U$5672, 74.10, 166.00, 90.00, 1515-LED-SMT550-NOSILK, 1515-LED-SMT550-NOSILK
U$5676, 65.30, 166.00, 90.00, 1515-LED-SMT550-NOSILK, 1515-LED-SMT550-NOSILK
U$5681, 56.50, 166.00, 90.00, 1515-LED-SMT550-NOSILK, 1515-LED-SMT550-NOSILK
U$5685, 47.70, 166.00, 90.00, 1515-LED-SMT550-NOSILK, 1515-LED-SMT550-NOSILK
U$5690, 38.90, 166.00, 90.00, 1515-LED-SMT550-NOSILK, 1515-LED-SMT550-NOSILK
U$5694, 30.10, 166.00, 90.00, 1515-LED-SMT550-NOSILK, 1515-LED-SMT550-NOSILK
U$5699, 21.30, 166.00, 90.00, 1515-LED-SMT550-NOSILK, 1515-LED-SMT550-NOSILK
U$5703, 12.50, 166.00, 90.00, 1515-LED-SMT550-NOSILK, 1515-LED-SMT550-NOSILK
U$58, 267.70, 13.00, 90.00, 1515-LED-SMT550-NOSILK, 1515-LED-SMT550-NOSILK
U$5869, 327.22, 175.00, 90.00, 4-PIN-RAY-WU-13.5MM, 4PIN-RAY-WU-EDGE-CONNECTOR
U$5872, 320.50, 175.00, 90.00, 1515-LED-SMT550-NOSILK, 1515-LED-SMT550-NOSILK
U$5876, 311.70, 175.00, 90.00, 1515-LED-SMT550-NOSILK, 1515-LED-SMT550-NOSILK
U$5881, 302.90, 175.00, 90.00, 1515-LED-SMT550-NOSILK, 1515-LED-SMT550-NOSILK
U$5885, 294.10, 175.00, 90.00, 1515-LED-SMT550-NOSILK, 1515-LED-SMT550-NOSILK
U$5890, 285.30, 175.00, 90.00, 1515-LED-SMT550-NOSILK, 1515-LED-SMT550-NOSILK
U$5894, 276.50, 175.00, 90.00, 1515-LED-SMT550-NOSILK, 1515-LED-SMT550-NOSILK
U$5899, 267.70, 175.00, 90.00, 1515-LED-SMT550-NOSILK, 1515-LED-SMT550-NOSILK
U$5903, 258.90, 175.00, 90.00, 1515-LED-SMT550-NOSILK, 1515-LED-SMT550-NOSILK
U$5908, 250.10, 175.00, 90.00, 1515-LED-SMT550-NOSILK, 1515-LED-SMT550-NOSILK
U$5912, 241.30, 175.00, 90.00, 1515-LED-SMT550-NOSILK, 1515-LED-SMT550-NOSILK
U$5917, 232.50, 175.00, 90.00, 1515-LED-SMT550-NOSILK, 1515-LED-SMT550-NOSILK
U$5921, 223.70, 175.00, 90.00, 1515-LED-SMT550-NOSILK, 1515-LED-SMT550-NOSILK
U$5926, 214.90, 175.00, 90.00, 1515-LED-SMT550-NOSILK, 1515-LED-SMT550-NOSILK
U$5930, 206.10, 175.00, 90.00, 1515-LED-SMT550-NOSILK, 1515-LED-SMT550-NOSILK
U$5935, 197.30, 175.00, 90.00, 1515-LED-SMT550-NOSILK, 1515-LED-SMT550-NOSILK
U$5939, 188.50, 175.00, 90.00, 1515-LED-SMT550-NOSILK, 1515-LED-SMT550-NOSILK
U$5944, 179.70, 175.00, 90.00, 1515-LED-SMT550-NOSILK, 1515-LED-SMT550-NOSILK
U$5948, 170.90, 175.00, 90.00, 1515-LED-SMT550-NOSILK, 1515-LED-SMT550-NOSILK
U$5953, 162.10, 175.00, 90.00, 1515-LED-SMT550-NOSILK, 1515-LED-SMT550-NOSILK
U$5957, 153.30, 175.00, 90.00, 1515-LED-SMT550-NOSILK, 1515-LED-SMT550-NOSILK
U$5962, 144.50, 175.00, 90.00, 1515-LED-SMT550-NOSILK, 1515-LED-SMT550-NOSILK
U$5966, 135.70, 175.00, 90.00, 1515-LED-SMT550-NOSILK, 1515-LED-SMT550-NOSILK
U$5971, 126.90, 175.00, 90.00, 1515-LED-SMT550-NOSILK, 1515-LED-SMT550-NOSILK
U$5975, 118.10, 175.00, 90.00, 1515-LED-SMT550-NOSILK, 1515-LED-SMT550-NOSILK
U$5980, 109.30, 175.00, 90.00, 1515-LED-SMT550-NOSILK, 1515-LED-SMT550-NOSILK
U$5984, 100.50, 175.00, 90.00, 1515-LED-SMT550-NOSILK, 1515-LED-SMT550-NOSILK
U$5989, 91.70, 175.00, 90.00, 1515-LED-SMT550-NOSILK, 1515-LED-SMT550-NOSILK
U$5993, 82.90, 175.00, 90.00, 1515-LED-SMT550-NOSILK, 1515-LED-SMT550-NOSILK
U$5998, 74.10, 175.00, 90.00, 1515-LED-SMT550-NOSILK, 1515-LED-SMT550-NOSILK
U$6002, 65.30, 175.00, 90.00, 1515-LED-SMT550-NOSILK, 1515-LED-SMT550-NOSILK
U$6007, 56.50, 175.00, 90.00, 1515-LED-SMT550-NOSILK, 1515-LED-SMT550-NOSILK
U$6011, 47.70, 175.00, 90.00, 1515-LED-SMT550-NOSILK, 1515-LED-SMT550-NOSILK
U$6016, 38.90, 175.00, 90.00, 1515-LED-SMT550-NOSILK, 1515-LED-SMT550-NOSILK
U$6020, 30.10, 175.00, 90.00, 1515-LED-SMT550-NOSILK, 1515-LED-SMT550-NOSILK
U$6025, 21.30, 175.00, 90.00, 1515-LED-SMT550-NOSILK, 1515-LED-SMT550-NOSILK
U$6029, 12.50, 175.00, 90.00, 1515-LED-SMT550-NOSILK, 1515-LED-SMT550-NOSILK
U$62, 258.90, 13.00, 90.00, 1515-LED-SMT550-NOSILK, 1515-LED-SMT550-NOSILK
U$653, 327.22, 31.00, 90.00, 4-PIN-RAY-WU-13.5MM, 4PIN-RAY-WU-EDGE-CONNECTOR
U$656, 320.50, 31.00, 90.00, 1515-LED-SMT550-NOSILK, 1515-LED-SMT550-NOSILK
U$660, 311.70, 31.00, 90.00, 1515-LED-SMT550-NOSILK, 1515-LED-SMT550-NOSILK
U$665, 302.90, 31.00, 90.00, 1515-LED-SMT550-NOSILK, 1515-LED-SMT550-NOSILK
U$669, 294.10, 31.00, 90.00, 1515-LED-SMT550-NOSILK, 1515-LED-SMT550-NOSILK
U$67, 250.10, 13.00, 90.00, 1515-LED-SMT550-NOSILK, 1515-LED-SMT550-NOSILK
U$674, 285.30, 31.00, 90.00, 1515-LED-SMT550-NOSILK, 1515-LED-SMT550-NOSILK
U$678, 276.50, 31.00, 90.00, 1515-LED-SMT550-NOSILK, 1515-LED-SMT550-NOSILK
U$683, 267.70, 31.00, 90.00, 1515-LED-SMT550-NOSILK, 1515-LED-SMT550-NOSILK
U$687, 258.90, 31.00, 90.00, 1515-LED-SMT550-NOSILK, 1515-LED-SMT550-NOSILK
U$692, 250.10, 31.00, 90.00, 1515-LED-SMT550-NOSILK, 1515-LED-SMT550-NOSILK
U$696, 241.30, 31.00, 90.00, 1515-LED-SMT550-NOSILK, 1515-LED-SMT550-NOSILK
U$701, 232.50, 31.00, 90.00, 1515-LED-SMT550-NOSILK, 1515-LED-SMT550-NOSILK
U$705, 223.70, 31.00, 90.00, 1515-LED-SMT550-NOSILK, 1515-LED-SMT550-NOSILK
U$71, 241.30, 13.00, 90.00, 1515-LED-SMT550-NOSILK, 1515-LED-SMT550-NOSILK
U$710, 214.90, 31.00, 90.00, 1515-LED-SMT550-NOSILK, 1515-LED-SMT550-NOSILK
U$714, 206.10, 31.00, 90.00, 1515-LED-SMT550-NOSILK, 1515-LED-SMT550-NOSILK
U$719, 197.30, 31.00, 90.00, 1515-LED-SMT550-NOSILK, 1515-LED-SMT550-NOSILK
U$723, 188.50, 31.00, 90.00, 1515-LED-SMT550-NOSILK, 1515-LED-SMT550-NOSILK
U$728, 179.70, 31.00, 90.00, 1515-LED-SMT550-NOSILK, 1515-LED-SMT550-NOSILK
U$732, 170.90, 31.00, 90.00, 1515-LED-SMT550-NOSILK, 1515-LED-SMT550-NOSILK
U$737, 162.10, 31.00, 90.00, 1515-LED-SMT550-NOSILK, 1515-LED-SMT550-NOSILK
U$741, 153.30, 31.00, 90.00, 1515-LED-SMT550-NOSILK, 1515-LED-SMT550-NOSILK
U$746, 144.50, 31.00, 90.00, 1515-LED-SMT550-NOSILK, 1515-LED-SMT550-NOSILK
U$750, 135.70, 31.00, 90.00, 1515-LED-SMT550-NOSILK, 1515-LED-SMT550-NOSILK
U$755, 126.90, 31.00, 90.00, 1515-LED-SMT550-NOSILK, 1515-LED-SMT550-NOSILK
U$759, 118.10, 31.00, 90.00, 1515-LED-SMT550-NOSILK, 1515-LED-SMT550-NOSILK
U$76, 232.50, 13.00, 90.00, 1515-LED-SMT550-NOSILK, 1515-LED-SMT550-NOSILK
U$764, 109.30, 31.00, 90.00, 1515-LED-SMT550-NOSILK, 1515-LED-SMT550-NOSILK
U$768, 100.50, 31.00, 90.00, 1515-LED-SMT550-NOSILK, 1515-LED-SMT550-NOSILK
U$773, 91.70, 31.00, 90.00, 1515-LED-SMT550-NOSILK, 1515-LED-SMT550-NOSILK
U$777, 82.90, 31.00, 90.00, 1515-LED-SMT550-NOSILK, 1515-LED-SMT550-NOSILK
U$782, 74.10, 31.00, 90.00, 1515-LED-SMT550-NOSILK, 1515-LED-SMT550-NOSILK
U$786, 65.30, 31.00, 90.00, 1515-LED-SMT550-NOSILK, 1515-LED-SMT550-NOSILK
U$791, 56.50, 31.00, 90.00, 1515-LED-SMT550-NOSILK, 1515-LED-SMT550-NOSILK
U$795, 47.70, 31.00, 90.00, 1515-LED-SMT550-NOSILK, 1515-LED-SMT550-NOSILK
U$80, 223.70, 13.00, 90.00, 1515-LED-SMT550-NOSILK, 1515-LED-SMT550-NOSILK
U$800, 38.90, 31.00, 90.00, 1515-LED-SMT550-NOSILK, 1515-LED-SMT550-NOSILK
U$804, 30.10, 31.00, 90.00, 1515-LED-SMT550-NOSILK, 1515-LED-SMT550-NOSILK
U$809, 21.30, 31.00, 90.00, 1515-LED-SMT550-NOSILK, 1515-LED-SMT550-NOSILK
U$813, 12.50, 31.00, 90.00, 1515-LED-SMT550-NOSILK, 1515-LED-SMT550-NOSILK
U$85, 214.90, 13.00, 90.00, 1515-LED-SMT550-NOSILK, 1515-LED-SMT550-NOSILK
U$89, 206.10, 13.00, 90.00, 1515-LED-SMT550-NOSILK, 1515-LED-SMT550-NOSILK
U$94, 197.30, 13.00, 90.00, 1515-LED-SMT550-NOSILK, 1515-LED-SMT550-NOSILK
U$979, 327.22, 40.00, 90.00, 4-PIN-RAY-WU-13.5MM, 4PIN-RAY-WU-EDGE-CONNECTOR
U$98, 188.50, 13.00, 90.00, 1515-LED-SMT550-NOSILK, 1515-LED-SMT550-NOSILK
U$982, 320.50, 40.00, 90.00, 1515-LED-SMT550-NOSILK, 1515-LED-SMT550-NOSILK
U$986, 311.70, 40.00, 90.00, 1515-LED-SMT550-NOSILK, 1515-LED-SMT550-NOSILK
U$991, 302.90, 40.00, 90.00, 1515-LED-SMT550-NOSILK, 1515-LED-SMT550-NOSILK
U$995, 294.10, 40.00, 90.00, 1515-LED-SMT550-NOSILK, 1515-LED-SMT550-NOSILK
