FD1, 6.00, 7.89, 0.00, FIDUCIAL1X2, FIDUCIAL-1X2
FD2, 6.00, 165.26, 0.00, FIDUCIAL1X2, FIDUCIAL-1X2
FD3, 361.00, 7.89, 0.00, FIDUCIAL1X2, FIDUCIAL-1X2
FD4, 361.00, 165.26, 0.00, FIDUCIAL1X2, FIDUCIAL-1X2
U$110, 263.63, 111.58, 300.00, 1515-LED-SMT550-NOSILK, 1515-LED-SMT550-NOSILK
U$111, 259.79, 118.24, 345.00, 1515-LED-SMT550-NOSILK, 1515-LED-SMT550-NOSILK
U$112, 255.94, 124.90, 345.00, 1515-LED-SMT550-NOSILK, 1515-LED-SMT550-NOSILK
U$113, 259.77, 141.28, 300.00, 1515-LED-SMT550-NOSILK, 1515-LED-SMT550-NOSILK
U$114, 262.97, 153.57, 300.00, 1515-LED-SMT550-NOSILK, 1515-LED-SMT550-NOSILK
U$115, 239.84, 129.91, 30.00, 1515-LED-SMT550-NOSILK, 1515-LED-SMT550-NOSILK
U$116, 258.06, 121.10, 30.00, 0603-1U-CAP, 0603
U$117, 227.61, 133.12, 30.00, 1515-LED-SMT550-NOSILK, 1515-LED-SMT550-NOSILK
U$118, 252.09, 131.56, 345.00, 1515-LED-SMT550-NOSILK, 1515-LED-SMT550-NOSILK
U$119, 248.25, 138.22, 345.00, 1515-LED-SMT550-NOSILK, 1515-LED-SMT550-NOSILK
U$120, 244.40, 144.89, 345.00, 1515-LED-SMT550-NOSILK, 1515-LED-SMT550-NOSILK
U$121, 240.56, 151.55, 345.00, 1515-LED-SMT550-NOSILK, 1515-LED-SMT550-NOSILK
U$122, 245.11, 165.19, 300.00, 1515-LED-SMT550-NOSILK, 1515-LED-SMT550-NOSILK
U$123, 226.36, 154.87, 30.00, 1515-LED-SMT550-NOSILK, 1515-LED-SMT550-NOSILK
U$124, 236.71, 158.20, 345.00, 1515-LED-SMT550-NOSILK, 1515-LED-SMT550-NOSILK
U$125, 242.55, 148.14, 30.00, 0603-1U-CAP, 0603
U$126, 232.89, 164.96, 345.00, 1515-LED-SMT550-NOSILK, 1515-LED-SMT550-NOSILK
U$127, 275.36, 118.35, 225.00, 1515-LED-SMT550-NOSILK, 1515-LED-SMT550-NOSILK
U$182, 287.07, 111.59, 240.00, 1515-LED-SMT550-NOSILK, 1515-LED-SMT550-NOSILK
U$183, 290.91, 118.25, 285.00, 1515-LED-SMT550-NOSILK, 1515-LED-SMT550-NOSILK
U$184, 294.76, 124.91, 285.00, 1515-LED-SMT550-NOSILK, 1515-LED-SMT550-NOSILK
U$185, 310.86, 129.78, 240.00, 1515-LED-SMT550-NOSILK, 1515-LED-SMT550-NOSILK
U$186, 323.10, 133.16, 240.00, 1515-LED-SMT550-NOSILK, 1515-LED-SMT550-NOSILK
U$187, 291.04, 141.36, 330.00, 1515-LED-SMT550-NOSILK, 1515-LED-SMT550-NOSILK
U$188, 292.52, 121.17, 330.00, 0603-1U-CAP, 0603
U$189, 287.71, 153.56, 330.00, 1515-LED-SMT550-NOSILK, 1515-LED-SMT550-NOSILK
U$190, 298.60, 131.57, 285.00, 1515-LED-SMT550-NOSILK, 1515-LED-SMT550-NOSILK
U$191, 302.45, 138.23, 285.00, 1515-LED-SMT550-NOSILK, 1515-LED-SMT550-NOSILK
U$192, 306.30, 144.90, 285.00, 1515-LED-SMT550-NOSILK, 1515-LED-SMT550-NOSILK
U$193, 310.15, 151.55, 285.00, 1515-LED-SMT550-NOSILK, 1515-LED-SMT550-NOSILK
U$194, 324.23, 154.44, 240.00, 1515-LED-SMT550-NOSILK, 1515-LED-SMT550-NOSILK
U$195, 305.92, 165.51, 330.00, 1515-LED-SMT550-NOSILK, 1515-LED-SMT550-NOSILK
U$196, 313.98, 158.21, 285.00, 1515-LED-SMT550-NOSILK, 1515-LED-SMT550-NOSILK
U$197, 308.18, 148.13, 330.00, 0603-1U-CAP, 0603
U$198, 317.93, 164.90, 285.00, 1515-LED-SMT550-NOSILK, 1515-LED-SMT550-NOSILK
U$199, 298.80, 104.82, 165.00, 1515-LED-SMT550-NOSILK, 1515-LED-SMT550-NOSILK
U$254, 298.79, 91.30, 180.00, 1515-LED-SMT550-NOSILK, 1515-LED-SMT550-NOSILK
U$255, 306.48, 91.30, 225.00, 1515-LED-SMT550-NOSILK, 1515-LED-SMT550-NOSILK
U$256, 314.18, 91.30, 225.00, 1515-LED-SMT550-NOSILK, 1515-LED-SMT550-NOSILK
U$257, 326.44, 79.79, 180.00, 1515-LED-SMT550-NOSILK, 1515-LED-SMT550-NOSILK
U$258, 335.49, 70.87, 180.00, 1515-LED-SMT550-NOSILK, 1515-LED-SMT550-NOSILK
U$259, 326.56, 102.74, 270.00, 1515-LED-SMT550-NOSILK, 1515-LED-SMT550-NOSILK
U$260, 309.82, 91.37, 270.00, 0603-1U-CAP, 0603
U$261, 335.46, 111.72, 270.00, 1515-LED-SMT550-NOSILK, 1515-LED-SMT550-NOSILK
U$262, 321.87, 91.30, 225.00, 1515-LED-SMT550-NOSILK, 1515-LED-SMT550-NOSILK
U$263, 329.55, 91.29, 225.00, 1515-LED-SMT550-NOSILK, 1515-LED-SMT550-NOSILK
U$264, 337.26, 91.29, 225.00, 1515-LED-SMT550-NOSILK, 1515-LED-SMT550-NOSILK
U$265, 344.94, 91.29, 225.00, 1515-LED-SMT550-NOSILK, 1515-LED-SMT550-NOSILK
U$266, 354.48, 80.53, 180.00, 1515-LED-SMT550-NOSILK, 1515-LED-SMT550-NOSILK
U$267, 354.91, 101.93, 270.00, 1515-LED-SMT550-NOSILK, 1515-LED-SMT550-NOSILK
U$268, 352.63, 91.30, 225.00, 1515-LED-SMT550-NOSILK, 1515-LED-SMT550-NOSILK
U$269, 340.99, 91.28, 270.00, 0603-1U-CAP, 0603
U$270, 360.39, 91.23, 225.00, 1515-LED-SMT550-NOSILK, 1515-LED-SMT550-NOSILK
U$271, 298.79, 77.75, 105.00, 1515-LED-SMT550-NOSILK, 1515-LED-SMT550-NOSILK
U$326, 287.08, 71.00, 120.00, 1515-LED-SMT550-NOSILK, 1515-LED-SMT550-NOSILK
U$327, 290.93, 64.34, 165.00, 1515-LED-SMT550-NOSILK, 1515-LED-SMT550-NOSILK
U$328, 294.78, 57.68, 165.00, 1515-LED-SMT550-NOSILK, 1515-LED-SMT550-NOSILK
U$329, 290.94, 41.30, 120.00, 1515-LED-SMT550-NOSILK, 1515-LED-SMT550-NOSILK
U$330, 287.74, 29.01, 120.00, 1515-LED-SMT550-NOSILK, 1515-LED-SMT550-NOSILK
U$331, 310.88, 52.67, 210.00, 1515-LED-SMT550-NOSILK, 1515-LED-SMT550-NOSILK
U$332, 292.66, 61.48, 210.00, 0603-1U-CAP, 0603
U$333, 323.11, 49.46, 210.00, 1515-LED-SMT550-NOSILK, 1515-LED-SMT550-NOSILK
U$334, 298.62, 51.02, 165.00, 1515-LED-SMT550-NOSILK, 1515-LED-SMT550-NOSILK
U$335, 302.46, 44.36, 165.00, 1515-LED-SMT550-NOSILK, 1515-LED-SMT550-NOSILK
U$336, 306.31, 37.69, 165.00, 1515-LED-SMT550-NOSILK, 1515-LED-SMT550-NOSILK
U$337, 310.15, 31.03, 165.00, 1515-LED-SMT550-NOSILK, 1515-LED-SMT550-NOSILK
U$338, 305.61, 17.39, 120.00, 1515-LED-SMT550-NOSILK, 1515-LED-SMT550-NOSILK
U$339, 324.35, 27.71, 210.00, 1515-LED-SMT550-NOSILK, 1515-LED-SMT550-NOSILK
U$340, 314.00, 24.38, 165.00, 1515-LED-SMT550-NOSILK, 1515-LED-SMT550-NOSILK
U$341, 308.16, 34.44, 210.00, 0603-1U-CAP, 0603
U$342, 317.82, 17.62, 165.00, 1515-LED-SMT550-NOSILK, 1515-LED-SMT550-NOSILK
U$343, 275.35, 64.23, 45.00, 1515-LED-SMT550-NOSILK, 1515-LED-SMT550-NOSILK
U$38, 251.92, 91.28, 0.00, 1515-LED-SMT550-NOSILK, 1515-LED-SMT550-NOSILK
U$39, 244.23, 91.28, 45.00, 1515-LED-SMT550-NOSILK, 1515-LED-SMT550-NOSILK
U$40, 236.54, 91.28, 45.00, 1515-LED-SMT550-NOSILK, 1515-LED-SMT550-NOSILK
U$403, 138.78, 8.85, 330.00, 4-PIN-RAY-WU-13.5MM, 4PIN-RAY-WU-EDGE-CONNECTOR
U$404, 102.97, 70.99, 120.00, 1515-LED-SMT550-NOSILK, 1515-LED-SMT550-NOSILK
U$405, 106.81, 64.33, 165.00, 1515-LED-SMT550-NOSILK, 1515-LED-SMT550-NOSILK
U$406, 110.66, 57.67, 165.00, 1515-LED-SMT550-NOSILK, 1515-LED-SMT550-NOSILK
U$407, 106.83, 41.29, 120.00, 1515-LED-SMT550-NOSILK, 1515-LED-SMT550-NOSILK
U$408, 103.63, 29.00, 120.00, 1515-LED-SMT550-NOSILK, 1515-LED-SMT550-NOSILK
U$409, 126.76, 52.66, 210.00, 1515-LED-SMT550-NOSILK, 1515-LED-SMT550-NOSILK
U$41, 224.27, 102.79, 0.00, 1515-LED-SMT550-NOSILK, 1515-LED-SMT550-NOSILK
U$410, 108.54, 61.47, 210.00, 0603-1U-CAP, 0603
U$411, 138.99, 49.45, 210.00, 1515-LED-SMT550-NOSILK, 1515-LED-SMT550-NOSILK
U$412, 114.50, 51.01, 165.00, 1515-LED-SMT550-NOSILK, 1515-LED-SMT550-NOSILK
U$413, 118.35, 44.35, 165.00, 1515-LED-SMT550-NOSILK, 1515-LED-SMT550-NOSILK
U$414, 122.20, 37.68, 165.00, 1515-LED-SMT550-NOSILK, 1515-LED-SMT550-NOSILK
U$415, 126.04, 31.02, 165.00, 1515-LED-SMT550-NOSILK, 1515-LED-SMT550-NOSILK
U$416, 121.49, 17.38, 120.00, 1515-LED-SMT550-NOSILK, 1515-LED-SMT550-NOSILK
U$417, 140.24, 27.70, 210.00, 1515-LED-SMT550-NOSILK, 1515-LED-SMT550-NOSILK
U$418, 129.89, 24.37, 165.00, 1515-LED-SMT550-NOSILK, 1515-LED-SMT550-NOSILK
U$419, 124.05, 34.43, 210.00, 0603-1U-CAP, 0603
U$42, 215.22, 111.70, 0.00, 1515-LED-SMT550-NOSILK, 1515-LED-SMT550-NOSILK
U$420, 133.70, 17.61, 165.00, 1515-LED-SMT550-NOSILK, 1515-LED-SMT550-NOSILK
U$421, 91.24, 64.22, 45.00, 1515-LED-SMT550-NOSILK, 1515-LED-SMT550-NOSILK
U$43, 224.15, 79.84, 90.00, 1515-LED-SMT550-NOSILK, 1515-LED-SMT550-NOSILK
U$435, 227.74, 8.91, 30.00, 4-PIN-RAY-WU-13.5MM, 4PIN-RAY-WU-EDGE-CONNECTOR
U$436, 263.64, 70.99, 60.00, 1515-LED-SMT550-NOSILK, 1515-LED-SMT550-NOSILK
U$437, 259.80, 64.33, 105.00, 1515-LED-SMT550-NOSILK, 1515-LED-SMT550-NOSILK
U$438, 255.96, 57.66, 105.00, 1515-LED-SMT550-NOSILK, 1515-LED-SMT550-NOSILK
U$439, 239.86, 52.80, 60.00, 1515-LED-SMT550-NOSILK, 1515-LED-SMT550-NOSILK
U$44, 240.89, 91.21, 90.00, 0603-1U-CAP, 0603
U$440, 227.61, 49.42, 60.00, 1515-LED-SMT550-NOSILK, 1515-LED-SMT550-NOSILK
U$441, 259.67, 41.22, 150.00, 1515-LED-SMT550-NOSILK, 1515-LED-SMT550-NOSILK
U$442, 258.19, 61.40, 150.00, 0603-1U-CAP, 0603
U$443, 263.00, 29.02, 150.00, 1515-LED-SMT550-NOSILK, 1515-LED-SMT550-NOSILK
U$444, 252.11, 51.01, 105.00, 1515-LED-SMT550-NOSILK, 1515-LED-SMT550-NOSILK
U$445, 248.26, 44.35, 105.00, 1515-LED-SMT550-NOSILK, 1515-LED-SMT550-NOSILK
U$446, 244.41, 37.68, 105.00, 1515-LED-SMT550-NOSILK, 1515-LED-SMT550-NOSILK
U$447, 240.56, 31.02, 105.00, 1515-LED-SMT550-NOSILK, 1515-LED-SMT550-NOSILK
U$448, 226.48, 28.14, 60.00, 1515-LED-SMT550-NOSILK, 1515-LED-SMT550-NOSILK
U$449, 244.79, 17.07, 150.00, 1515-LED-SMT550-NOSILK, 1515-LED-SMT550-NOSILK
U$45, 215.25, 70.85, 90.00, 1515-LED-SMT550-NOSILK, 1515-LED-SMT550-NOSILK
U$450, 236.73, 24.36, 105.00, 1515-LED-SMT550-NOSILK, 1515-LED-SMT550-NOSILK
U$451, 242.53, 34.45, 150.00, 0603-1U-CAP, 0603
U$452, 232.79, 17.68, 105.00, 1515-LED-SMT550-NOSILK, 1515-LED-SMT550-NOSILK
U$453, 251.92, 77.76, 345.00, 1515-LED-SMT550-NOSILK, 1515-LED-SMT550-NOSILK
U$46, 228.85, 91.28, 45.00, 1515-LED-SMT550-NOSILK, 1515-LED-SMT550-NOSILK
U$47, 221.16, 91.28, 45.00, 1515-LED-SMT550-NOSILK, 1515-LED-SMT550-NOSILK
U$477, 79.53, 70.98, 60.00, 1515-LED-SMT550-NOSILK, 1515-LED-SMT550-NOSILK
U$478, 75.68, 64.32, 105.00, 1515-LED-SMT550-NOSILK, 1515-LED-SMT550-NOSILK
U$479, 71.84, 57.66, 105.00, 1515-LED-SMT550-NOSILK, 1515-LED-SMT550-NOSILK
U$48, 213.46, 91.28, 45.00, 1515-LED-SMT550-NOSILK, 1515-LED-SMT550-NOSILK
U$480, 55.74, 52.79, 60.00, 1515-LED-SMT550-NOSILK, 1515-LED-SMT550-NOSILK
U$481, 43.50, 49.41, 60.00, 1515-LED-SMT550-NOSILK, 1515-LED-SMT550-NOSILK
U$482, 75.56, 41.21, 150.00, 1515-LED-SMT550-NOSILK, 1515-LED-SMT550-NOSILK
U$483, 74.08, 61.39, 150.00, 0603-1U-CAP, 0603
U$484, 78.89, 29.01, 150.00, 1515-LED-SMT550-NOSILK, 1515-LED-SMT550-NOSILK
U$485, 67.99, 51.00, 105.00, 1515-LED-SMT550-NOSILK, 1515-LED-SMT550-NOSILK
U$486, 64.15, 44.34, 105.00, 1515-LED-SMT550-NOSILK, 1515-LED-SMT550-NOSILK
U$487, 60.30, 37.67, 105.00, 1515-LED-SMT550-NOSILK, 1515-LED-SMT550-NOSILK
U$488, 56.45, 31.02, 105.00, 1515-LED-SMT550-NOSILK, 1515-LED-SMT550-NOSILK
U$489, 42.36, 28.13, 60.00, 1515-LED-SMT550-NOSILK, 1515-LED-SMT550-NOSILK
U$49, 205.77, 91.29, 45.00, 1515-LED-SMT550-NOSILK, 1515-LED-SMT550-NOSILK
U$490, 60.68, 17.06, 150.00, 1515-LED-SMT550-NOSILK, 1515-LED-SMT550-NOSILK
U$491, 52.62, 24.35, 105.00, 1515-LED-SMT550-NOSILK, 1515-LED-SMT550-NOSILK
U$492, 58.41, 34.44, 150.00, 0603-1U-CAP, 0603
U$493, 48.67, 17.67, 105.00, 1515-LED-SMT550-NOSILK, 1515-LED-SMT550-NOSILK
U$494, 67.80, 77.75, 345.00, 1515-LED-SMT550-NOSILK, 1515-LED-SMT550-NOSILK
U$50, 196.23, 102.04, 0.00, 1515-LED-SMT550-NOSILK, 1515-LED-SMT550-NOSILK
U$51, 195.80, 80.65, 90.00, 1515-LED-SMT550-NOSILK, 1515-LED-SMT550-NOSILK
U$513, 67.80, 91.27, 0.00, 1515-LED-SMT550-NOSILK, 1515-LED-SMT550-NOSILK
U$514, 60.11, 91.27, 45.00, 1515-LED-SMT550-NOSILK, 1515-LED-SMT550-NOSILK
U$515, 52.42, 91.27, 45.00, 1515-LED-SMT550-NOSILK, 1515-LED-SMT550-NOSILK
U$516, 40.16, 102.78, 0.00, 1515-LED-SMT550-NOSILK, 1515-LED-SMT550-NOSILK
U$517, 31.11, 111.69, 0.00, 1515-LED-SMT550-NOSILK, 1515-LED-SMT550-NOSILK
U$518, 40.04, 79.83, 90.00, 1515-LED-SMT550-NOSILK, 1515-LED-SMT550-NOSILK
U$519, 56.78, 91.20, 90.00, 0603-1U-CAP, 0603
U$52, 198.08, 91.28, 45.00, 1515-LED-SMT550-NOSILK, 1515-LED-SMT550-NOSILK
U$520, 31.14, 70.84, 90.00, 1515-LED-SMT550-NOSILK, 1515-LED-SMT550-NOSILK
U$521, 44.73, 91.27, 45.00, 1515-LED-SMT550-NOSILK, 1515-LED-SMT550-NOSILK
U$522, 37.04, 91.28, 45.00, 1515-LED-SMT550-NOSILK, 1515-LED-SMT550-NOSILK
U$523, 29.34, 91.28, 45.00, 1515-LED-SMT550-NOSILK, 1515-LED-SMT550-NOSILK
U$524, 21.65, 91.28, 45.00, 1515-LED-SMT550-NOSILK, 1515-LED-SMT550-NOSILK
U$525, 12.12, 102.04, 0.00, 1515-LED-SMT550-NOSILK, 1515-LED-SMT550-NOSILK
U$526, 11.68, 80.64, 90.00, 1515-LED-SMT550-NOSILK, 1515-LED-SMT550-NOSILK
U$527, 13.97, 91.27, 45.00, 1515-LED-SMT550-NOSILK, 1515-LED-SMT550-NOSILK
U$528, 25.61, 91.29, 90.00, 0603-1U-CAP, 0603
U$529, 6.21, 91.34, 45.00, 1515-LED-SMT550-NOSILK, 1515-LED-SMT550-NOSILK
U$53, 209.72, 91.30, 90.00, 0603-1U-CAP, 0603
U$530, 67.80, 104.81, 285.00, 1515-LED-SMT550-NOSILK, 1515-LED-SMT550-NOSILK
U$54, 190.33, 91.35, 45.00, 1515-LED-SMT550-NOSILK, 1515-LED-SMT550-NOSILK
U$549, 79.52, 111.57, 300.00, 1515-LED-SMT550-NOSILK, 1515-LED-SMT550-NOSILK
U$55, 251.92, 104.82, 285.00, 1515-LED-SMT550-NOSILK, 1515-LED-SMT550-NOSILK
U$550, 75.67, 118.23, 345.00, 1515-LED-SMT550-NOSILK, 1515-LED-SMT550-NOSILK
U$551, 71.82, 124.89, 345.00, 1515-LED-SMT550-NOSILK, 1515-LED-SMT550-NOSILK
U$552, 75.66, 141.27, 300.00, 1515-LED-SMT550-NOSILK, 1515-LED-SMT550-NOSILK
U$553, 78.85, 153.56, 300.00, 1515-LED-SMT550-NOSILK, 1515-LED-SMT550-NOSILK
U$554, 55.72, 129.90, 30.00, 1515-LED-SMT550-NOSILK, 1515-LED-SMT550-NOSILK
U$555, 73.94, 121.09, 30.00, 0603-1U-CAP, 0603
U$556, 43.49, 133.11, 30.00, 1515-LED-SMT550-NOSILK, 1515-LED-SMT550-NOSILK
U$557, 67.98, 131.55, 345.00, 1515-LED-SMT550-NOSILK, 1515-LED-SMT550-NOSILK
U$558, 64.14, 138.21, 345.00, 1515-LED-SMT550-NOSILK, 1515-LED-SMT550-NOSILK
U$559, 60.29, 144.88, 345.00, 1515-LED-SMT550-NOSILK, 1515-LED-SMT550-NOSILK
U$560, 56.45, 151.54, 345.00, 1515-LED-SMT550-NOSILK, 1515-LED-SMT550-NOSILK
U$561, 60.99, 165.18, 300.00, 1515-LED-SMT550-NOSILK, 1515-LED-SMT550-NOSILK
U$562, 42.25, 154.86, 30.00, 1515-LED-SMT550-NOSILK, 1515-LED-SMT550-NOSILK
U$563, 52.60, 158.19, 345.00, 1515-LED-SMT550-NOSILK, 1515-LED-SMT550-NOSILK
U$564, 58.43, 148.13, 30.00, 0603-1U-CAP, 0603
U$565, 48.78, 164.95, 345.00, 1515-LED-SMT550-NOSILK, 1515-LED-SMT550-NOSILK
U$566, 91.24, 118.34, 225.00, 1515-LED-SMT550-NOSILK, 1515-LED-SMT550-NOSILK
U$585, 102.95, 111.58, 240.00, 1515-LED-SMT550-NOSILK, 1515-LED-SMT550-NOSILK
U$586, 106.80, 118.24, 285.00, 1515-LED-SMT550-NOSILK, 1515-LED-SMT550-NOSILK
U$587, 110.64, 124.91, 285.00, 1515-LED-SMT550-NOSILK, 1515-LED-SMT550-NOSILK
U$588, 126.74, 129.77, 240.00, 1515-LED-SMT550-NOSILK, 1515-LED-SMT550-NOSILK
U$589, 138.99, 133.15, 240.00, 1515-LED-SMT550-NOSILK, 1515-LED-SMT550-NOSILK
U$590, 106.93, 141.35, 330.00, 1515-LED-SMT550-NOSILK, 1515-LED-SMT550-NOSILK
U$591, 108.40, 121.17, 330.00, 0603-1U-CAP, 0603
U$592, 103.59, 153.55, 330.00, 1515-LED-SMT550-NOSILK, 1515-LED-SMT550-NOSILK
U$593, 114.49, 131.56, 285.00, 1515-LED-SMT550-NOSILK, 1515-LED-SMT550-NOSILK
U$594, 118.34, 138.22, 285.00, 1515-LED-SMT550-NOSILK, 1515-LED-SMT550-NOSILK
U$595, 122.19, 144.89, 285.00, 1515-LED-SMT550-NOSILK, 1515-LED-SMT550-NOSILK
U$596, 126.03, 151.55, 285.00, 1515-LED-SMT550-NOSILK, 1515-LED-SMT550-NOSILK
U$597, 140.12, 154.43, 240.00, 1515-LED-SMT550-NOSILK, 1515-LED-SMT550-NOSILK
U$598, 121.80, 165.50, 330.00, 1515-LED-SMT550-NOSILK, 1515-LED-SMT550-NOSILK
U$599, 129.87, 158.21, 285.00, 1515-LED-SMT550-NOSILK, 1515-LED-SMT550-NOSILK
U$600, 124.07, 148.12, 330.00, 0603-1U-CAP, 0603
U$601, 133.81, 164.89, 285.00, 1515-LED-SMT550-NOSILK, 1515-LED-SMT550-NOSILK
U$602, 114.68, 104.81, 165.00, 1515-LED-SMT550-NOSILK, 1515-LED-SMT550-NOSILK
U$621, 114.68, 91.29, 180.00, 1515-LED-SMT550-NOSILK, 1515-LED-SMT550-NOSILK
U$622, 122.37, 91.29, 225.00, 1515-LED-SMT550-NOSILK, 1515-LED-SMT550-NOSILK
U$623, 130.06, 91.29, 225.00, 1515-LED-SMT550-NOSILK, 1515-LED-SMT550-NOSILK
U$624, 142.32, 79.78, 180.00, 1515-LED-SMT550-NOSILK, 1515-LED-SMT550-NOSILK
U$625, 151.37, 70.87, 180.00, 1515-LED-SMT550-NOSILK, 1515-LED-SMT550-NOSILK
U$626, 142.45, 102.73, 270.00, 1515-LED-SMT550-NOSILK, 1515-LED-SMT550-NOSILK
U$627, 125.71, 91.36, 270.00, 0603-1U-CAP, 0603
U$628, 151.34, 111.72, 270.00, 1515-LED-SMT550-NOSILK, 1515-LED-SMT550-NOSILK
U$629, 137.75, 91.29, 225.00, 1515-LED-SMT550-NOSILK, 1515-LED-SMT550-NOSILK
U$630, 145.44, 91.29, 225.00, 1515-LED-SMT550-NOSILK, 1515-LED-SMT550-NOSILK
U$631, 153.14, 91.29, 225.00, 1515-LED-SMT550-NOSILK, 1515-LED-SMT550-NOSILK
U$632, 160.83, 91.28, 225.00, 1515-LED-SMT550-NOSILK, 1515-LED-SMT550-NOSILK
U$633, 170.37, 80.53, 180.00, 1515-LED-SMT550-NOSILK, 1515-LED-SMT550-NOSILK
U$634, 170.80, 101.92, 270.00, 1515-LED-SMT550-NOSILK, 1515-LED-SMT550-NOSILK
U$635, 168.51, 91.29, 225.00, 1515-LED-SMT550-NOSILK, 1515-LED-SMT550-NOSILK
U$636, 156.88, 91.27, 270.00, 0603-1U-CAP, 0603
U$637, 176.27, 91.22, 225.00, 1515-LED-SMT550-NOSILK, 1515-LED-SMT550-NOSILK
U$638, 114.68, 77.75, 105.00, 1515-LED-SMT550-NOSILK, 1515-LED-SMT550-NOSILK
