FD5, 360.68, 144.43, 0.00, FIDUCIAL1X2, FIDUCIAL-1X2
FD6, 360.68, 11.07, 0.00, FIDUCIAL1X2, FIDUCIAL-1X2
FD7, 4.45, 144.43, 0.00, FIDUCIAL1X2, FIDUCIAL-1X2
FD8, 4.45, 11.07, 0.00, FIDUCIAL1X2, FIDUCIAL-1X2
U$1, 60.84, 10.28, 0.00, 4-PIN-RAY-WU-13.5MM, 4PIN-RAY-WU-EDGE-CONNECTOR
U$10, 60.84, 49.75, 135.00, 1515-LED-SMT550-NOSILK, 1515-LED-SMT550-NOSILK
U$100, 40.39, 93.05, 15.00, 1515-LED-SMT550-NOSILK, 1515-LED-SMT550-NOSILK
U$1000, 304.18, 144.21, 315.00, 1515-LED-SMT550-NOSILK, 1515-LED-SMT550-NOSILK
U$101, 38.82, 101.35, 330.00, 1515-LED-SMT550-NOSILK, 1515-LED-SMT550-NOSILK
U$1019, 311.01, 85.19, 255.00, 1515-LED-SMT550-NOSILK, 1515-LED-SMT550-NOSILK
U$102, 36.64, 109.32, 330.00, 1515-LED-SMT550-NOSILK, 1515-LED-SMT550-NOSILK
U$1020, 317.83, 89.13, 255.00, 1515-LED-SMT550-NOSILK, 1515-LED-SMT550-NOSILK
U$1021, 324.63, 93.05, 255.00, 1515-LED-SMT550-NOSILK, 1515-LED-SMT550-NOSILK
U$1022, 332.60, 90.27, 210.00, 1515-LED-SMT550-NOSILK, 1515-LED-SMT550-NOSILK
U$1023, 340.59, 88.16, 210.00, 1515-LED-SMT550-NOSILK, 1515-LED-SMT550-NOSILK
U$1024, 326.19, 101.37, 300.00, 1515-LED-SMT550-NOSILK, 1515-LED-SMT550-NOSILK
U$1025, 328.81, 95.47, 300.00, 0603-1U-CAP, 0603
U$1026, 328.39, 109.36, 300.00, 1515-LED-SMT550-NOSILK, 1515-LED-SMT550-NOSILK
U$1027, 331.45, 96.99, 255.00, 1515-LED-SMT550-NOSILK, 1515-LED-SMT550-NOSILK
U$1028, 338.27, 100.93, 255.00, 1515-LED-SMT550-NOSILK, 1515-LED-SMT550-NOSILK
U$1029, 345.07, 104.85, 255.00, 1515-LED-SMT550-NOSILK, 1515-LED-SMT550-NOSILK
U$103, 32.40, 90.24, 60.00, 1515-LED-SMT550-NOSILK, 1515-LED-SMT550-NOSILK
U$1030, 352.53, 101.77, 210.00, 1515-LED-SMT550-NOSILK, 1515-LED-SMT550-NOSILK
U$1031, 360.55, 99.68, 210.00, 1515-LED-SMT550-NOSILK, 1515-LED-SMT550-NOSILK
U$1032, 346.12, 112.88, 300.00, 1515-LED-SMT550-NOSILK, 1515-LED-SMT550-NOSILK
U$1033, 348.32, 120.86, 300.00, 1515-LED-SMT550-NOSILK, 1515-LED-SMT550-NOSILK
U$1034, 349.45, 107.38, 300.00, 0603-1U-CAP, 0603
U$1035, 351.88, 108.79, 255.00, 1515-LED-SMT550-NOSILK, 1515-LED-SMT550-NOSILK
U$1036, 358.70, 112.73, 255.00, 1515-LED-SMT550-NOSILK, 1515-LED-SMT550-NOSILK
U$104, 36.21, 95.47, 60.00, 0603-1U-CAP, 0603
U$105, 24.39, 88.15, 60.00, 1515-LED-SMT550-NOSILK, 1515-LED-SMT550-NOSILK
U$1055, 311.01, 77.30, 195.00, 1515-LED-SMT550-NOSILK, 1515-LED-SMT550-NOSILK
U$1056, 317.83, 73.36, 195.00, 1515-LED-SMT550-NOSILK, 1515-LED-SMT550-NOSILK
U$1057, 324.63, 69.44, 195.00, 1515-LED-SMT550-NOSILK, 1515-LED-SMT550-NOSILK
U$1058, 326.20, 61.14, 150.00, 1515-LED-SMT550-NOSILK, 1515-LED-SMT550-NOSILK
U$1059, 328.38, 53.17, 150.00, 1515-LED-SMT550-NOSILK, 1515-LED-SMT550-NOSILK
U$106, 33.57, 96.99, 15.00, 1515-LED-SMT550-NOSILK, 1515-LED-SMT550-NOSILK
U$1060, 332.62, 72.25, 240.00, 1515-LED-SMT550-NOSILK, 1515-LED-SMT550-NOSILK
U$1061, 328.81, 67.02, 240.00, 0603-1U-CAP, 0603
U$1062, 340.63, 74.34, 240.00, 1515-LED-SMT550-NOSILK, 1515-LED-SMT550-NOSILK
U$1063, 331.45, 65.50, 195.00, 1515-LED-SMT550-NOSILK, 1515-LED-SMT550-NOSILK
U$1064, 338.27, 61.56, 195.00, 1515-LED-SMT550-NOSILK, 1515-LED-SMT550-NOSILK
U$1065, 345.07, 57.64, 195.00, 1515-LED-SMT550-NOSILK, 1515-LED-SMT550-NOSILK
U$1066, 346.13, 49.63, 150.00, 1515-LED-SMT550-NOSILK, 1515-LED-SMT550-NOSILK
U$1067, 348.33, 41.65, 150.00, 1515-LED-SMT550-NOSILK, 1515-LED-SMT550-NOSILK
U$1068, 352.55, 60.74, 240.00, 1515-LED-SMT550-NOSILK, 1515-LED-SMT550-NOSILK
U$1069, 360.56, 62.83, 240.00, 1515-LED-SMT550-NOSILK, 1515-LED-SMT550-NOSILK
U$107, 26.75, 100.93, 15.00, 1515-LED-SMT550-NOSILK, 1515-LED-SMT550-NOSILK
U$1070, 349.45, 55.11, 240.00, 0603-1U-CAP, 0603
U$1071, 351.88, 53.70, 195.00, 1515-LED-SMT550-NOSILK, 1515-LED-SMT550-NOSILK
U$1072, 358.70, 49.76, 195.00, 1515-LED-SMT550-NOSILK, 1515-LED-SMT550-NOSILK
U$108, 19.95, 104.85, 15.00, 1515-LED-SMT550-NOSILK, 1515-LED-SMT550-NOSILK
U$109, 18.89, 112.86, 330.00, 1515-LED-SMT550-NOSILK, 1515-LED-SMT550-NOSILK
U$11, 60.84, 41.88, 135.00, 1515-LED-SMT550-NOSILK, 1515-LED-SMT550-NOSILK
U$12, 60.84, 34.03, 135.00, 1515-LED-SMT550-NOSILK, 1515-LED-SMT550-NOSILK
U$128, 16.69, 120.84, 330.00, 1515-LED-SMT550-NOSILK, 1515-LED-SMT550-NOSILK
U$129, 12.47, 101.75, 60.00, 1515-LED-SMT550-NOSILK, 1515-LED-SMT550-NOSILK
U$13, 54.44, 29.10, 90.00, 1515-LED-SMT550-NOSILK, 1515-LED-SMT550-NOSILK
U$130, 4.46, 99.66, 60.00, 1515-LED-SMT550-NOSILK, 1515-LED-SMT550-NOSILK
U$131, 15.57, 107.38, 60.00, 0603-1U-CAP, 0603
U$132, 13.14, 108.79, 15.00, 1515-LED-SMT550-NOSILK, 1515-LED-SMT550-NOSILK
U$133, 6.32, 112.73, 15.00, 1515-LED-SMT550-NOSILK, 1515-LED-SMT550-NOSILK
U$14, 48.63, 23.21, 90.00, 1515-LED-SMT550-NOSILK, 1515-LED-SMT550-NOSILK
U$15, 67.27, 29.10, 180.00, 1515-LED-SMT550-NOSILK, 1515-LED-SMT550-NOSILK
U$152, 60.84, 89.14, 315.00, 1515-LED-SMT550-NOSILK, 1515-LED-SMT550-NOSILK
U$153, 60.84, 97.01, 315.00, 1515-LED-SMT550-NOSILK, 1515-LED-SMT550-NOSILK
U$154, 60.84, 104.86, 315.00, 1515-LED-SMT550-NOSILK, 1515-LED-SMT550-NOSILK
U$155, 67.24, 110.37, 270.00, 1515-LED-SMT550-NOSILK, 1515-LED-SMT550-NOSILK
U$156, 73.06, 116.24, 270.00, 1515-LED-SMT550-NOSILK, 1515-LED-SMT550-NOSILK
U$157, 54.42, 110.37, 0.00, 1515-LED-SMT550-NOSILK, 1515-LED-SMT550-NOSILK
U$158, 60.84, 109.69, 0.00, 0603-1U-CAP, 0603
U$159, 48.60, 116.27, 0.00, 1515-LED-SMT550-NOSILK, 1515-LED-SMT550-NOSILK
U$16, 73.09, 23.21, 180.00, 1515-LED-SMT550-NOSILK, 1515-LED-SMT550-NOSILK
U$160, 60.84, 112.74, 315.00, 1515-LED-SMT550-NOSILK, 1515-LED-SMT550-NOSILK
U$161, 60.84, 120.61, 315.00, 1515-LED-SMT550-NOSILK, 1515-LED-SMT550-NOSILK
U$162, 60.84, 128.46, 315.00, 1515-LED-SMT550-NOSILK, 1515-LED-SMT550-NOSILK
U$163, 67.24, 133.39, 270.00, 1515-LED-SMT550-NOSILK, 1515-LED-SMT550-NOSILK
U$164, 73.06, 139.28, 270.00, 1515-LED-SMT550-NOSILK, 1515-LED-SMT550-NOSILK
U$165, 54.42, 133.39, 0.00, 1515-LED-SMT550-NOSILK, 1515-LED-SMT550-NOSILK
U$166, 48.60, 139.28, 0.00, 1515-LED-SMT550-NOSILK, 1515-LED-SMT550-NOSILK
U$167, 60.84, 133.52, 0.00, 0603-1U-CAP, 0603
U$168, 60.84, 136.33, 315.00, 1515-LED-SMT550-NOSILK, 1515-LED-SMT550-NOSILK
U$169, 60.84, 144.21, 315.00, 1515-LED-SMT550-NOSILK, 1515-LED-SMT550-NOSILK
U$17, 60.84, 28.97, 180.00, 0603-1U-CAP, 0603
U$18, 60.84, 26.16, 135.00, 1515-LED-SMT550-NOSILK, 1515-LED-SMT550-NOSILK
U$188, 67.68, 85.19, 255.00, 1515-LED-SMT550-NOSILK, 1515-LED-SMT550-NOSILK
U$189, 74.50, 89.13, 255.00, 1515-LED-SMT550-NOSILK, 1515-LED-SMT550-NOSILK
U$19, 60.84, 18.28, 135.00, 1515-LED-SMT550-NOSILK, 1515-LED-SMT550-NOSILK
U$190, 81.29, 93.05, 255.00, 1515-LED-SMT550-NOSILK, 1515-LED-SMT550-NOSILK
U$191, 89.27, 90.27, 210.00, 1515-LED-SMT550-NOSILK, 1515-LED-SMT550-NOSILK
U$192, 97.26, 88.16, 210.00, 1515-LED-SMT550-NOSILK, 1515-LED-SMT550-NOSILK
U$193, 82.86, 101.37, 300.00, 1515-LED-SMT550-NOSILK, 1515-LED-SMT550-NOSILK
U$194, 85.48, 95.47, 300.00, 0603-1U-CAP, 0603
U$195, 85.05, 109.36, 300.00, 1515-LED-SMT550-NOSILK, 1515-LED-SMT550-NOSILK
U$196, 88.11, 96.99, 255.00, 1515-LED-SMT550-NOSILK, 1515-LED-SMT550-NOSILK
U$197, 94.93, 100.93, 255.00, 1515-LED-SMT550-NOSILK, 1515-LED-SMT550-NOSILK
U$198, 101.73, 104.85, 255.00, 1515-LED-SMT550-NOSILK, 1515-LED-SMT550-NOSILK
U$199, 109.20, 101.77, 210.00, 1515-LED-SMT550-NOSILK, 1515-LED-SMT550-NOSILK
U$2, 60.84, 73.35, 135.00, 1515-LED-SMT550-NOSILK, 1515-LED-SMT550-NOSILK
U$200, 117.21, 99.68, 210.00, 1515-LED-SMT550-NOSILK, 1515-LED-SMT550-NOSILK
U$201, 102.78, 112.88, 300.00, 1515-LED-SMT550-NOSILK, 1515-LED-SMT550-NOSILK
U$202, 104.98, 120.86, 300.00, 1515-LED-SMT550-NOSILK, 1515-LED-SMT550-NOSILK
U$203, 106.11, 107.38, 300.00, 0603-1U-CAP, 0603
U$204, 108.55, 108.79, 255.00, 1515-LED-SMT550-NOSILK, 1515-LED-SMT550-NOSILK
U$205, 115.37, 112.73, 255.00, 1515-LED-SMT550-NOSILK, 1515-LED-SMT550-NOSILK
U$224, 67.68, 77.30, 195.00, 1515-LED-SMT550-NOSILK, 1515-LED-SMT550-NOSILK
U$225, 74.50, 73.36, 195.00, 1515-LED-SMT550-NOSILK, 1515-LED-SMT550-NOSILK
U$226, 81.29, 69.44, 195.00, 1515-LED-SMT550-NOSILK, 1515-LED-SMT550-NOSILK
U$227, 82.87, 61.14, 150.00, 1515-LED-SMT550-NOSILK, 1515-LED-SMT550-NOSILK
U$228, 85.04, 53.17, 150.00, 1515-LED-SMT550-NOSILK, 1515-LED-SMT550-NOSILK
U$229, 89.28, 72.25, 240.00, 1515-LED-SMT550-NOSILK, 1515-LED-SMT550-NOSILK
U$230, 85.48, 67.02, 240.00, 0603-1U-CAP, 0603
U$231, 97.29, 74.34, 240.00, 1515-LED-SMT550-NOSILK, 1515-LED-SMT550-NOSILK
U$232, 88.11, 65.50, 195.00, 1515-LED-SMT550-NOSILK, 1515-LED-SMT550-NOSILK
U$233, 94.93, 61.56, 195.00, 1515-LED-SMT550-NOSILK, 1515-LED-SMT550-NOSILK
U$234, 101.73, 57.64, 195.00, 1515-LED-SMT550-NOSILK, 1515-LED-SMT550-NOSILK
U$235, 102.80, 49.63, 150.00, 1515-LED-SMT550-NOSILK, 1515-LED-SMT550-NOSILK
U$236, 104.99, 41.65, 150.00, 1515-LED-SMT550-NOSILK, 1515-LED-SMT550-NOSILK
U$237, 109.21, 60.74, 240.00, 1515-LED-SMT550-NOSILK, 1515-LED-SMT550-NOSILK
U$238, 117.22, 62.83, 240.00, 1515-LED-SMT550-NOSILK, 1515-LED-SMT550-NOSILK
U$239, 106.11, 55.11, 240.00, 0603-1U-CAP, 0603
U$240, 108.55, 53.70, 195.00, 1515-LED-SMT550-NOSILK, 1515-LED-SMT550-NOSILK
U$241, 115.37, 49.76, 195.00, 1515-LED-SMT550-NOSILK, 1515-LED-SMT550-NOSILK
U$3, 60.84, 65.48, 135.00, 1515-LED-SMT550-NOSILK, 1515-LED-SMT550-NOSILK
U$4, 60.84, 57.63, 135.00, 1515-LED-SMT550-NOSILK, 1515-LED-SMT550-NOSILK
U$437, 182.51, 10.28, 0.00, 4-PIN-RAY-WU-13.5MM, 4PIN-RAY-WU-EDGE-CONNECTOR
U$439, 182.51, 73.35, 135.00, 1515-LED-SMT550-NOSILK, 1515-LED-SMT550-NOSILK
U$440, 182.51, 65.48, 135.00, 1515-LED-SMT550-NOSILK, 1515-LED-SMT550-NOSILK
U$441, 182.51, 57.63, 135.00, 1515-LED-SMT550-NOSILK, 1515-LED-SMT550-NOSILK
U$442, 176.11, 52.12, 90.00, 1515-LED-SMT550-NOSILK, 1515-LED-SMT550-NOSILK
U$443, 170.29, 46.25, 90.00, 1515-LED-SMT550-NOSILK, 1515-LED-SMT550-NOSILK
U$444, 188.94, 52.12, 180.00, 1515-LED-SMT550-NOSILK, 1515-LED-SMT550-NOSILK
U$445, 182.51, 52.80, 180.00, 0603-1U-CAP, 0603
U$446, 194.75, 46.22, 180.00, 1515-LED-SMT550-NOSILK, 1515-LED-SMT550-NOSILK
U$447, 182.51, 49.75, 135.00, 1515-LED-SMT550-NOSILK, 1515-LED-SMT550-NOSILK
U$448, 182.51, 41.88, 135.00, 1515-LED-SMT550-NOSILK, 1515-LED-SMT550-NOSILK
U$449, 182.51, 34.03, 135.00, 1515-LED-SMT550-NOSILK, 1515-LED-SMT550-NOSILK
U$450, 176.11, 29.10, 90.00, 1515-LED-SMT550-NOSILK, 1515-LED-SMT550-NOSILK
U$451, 170.29, 23.21, 90.00, 1515-LED-SMT550-NOSILK, 1515-LED-SMT550-NOSILK
U$452, 188.94, 29.10, 180.00, 1515-LED-SMT550-NOSILK, 1515-LED-SMT550-NOSILK
U$453, 194.75, 23.21, 180.00, 1515-LED-SMT550-NOSILK, 1515-LED-SMT550-NOSILK
U$454, 182.51, 28.97, 180.00, 0603-1U-CAP, 0603
U$455, 182.51, 26.16, 135.00, 1515-LED-SMT550-NOSILK, 1515-LED-SMT550-NOSILK
U$456, 182.51, 18.28, 135.00, 1515-LED-SMT550-NOSILK, 1515-LED-SMT550-NOSILK
U$475, 175.67, 77.30, 75.00, 1515-LED-SMT550-NOSILK, 1515-LED-SMT550-NOSILK
U$476, 168.86, 73.36, 75.00, 1515-LED-SMT550-NOSILK, 1515-LED-SMT550-NOSILK
U$477, 162.06, 69.44, 75.00, 1515-LED-SMT550-NOSILK, 1515-LED-SMT550-NOSILK
U$478, 154.08, 72.22, 30.00, 1515-LED-SMT550-NOSILK, 1515-LED-SMT550-NOSILK
U$479, 146.09, 74.33, 30.00, 1515-LED-SMT550-NOSILK, 1515-LED-SMT550-NOSILK
U$480, 160.50, 61.12, 120.00, 1515-LED-SMT550-NOSILK, 1515-LED-SMT550-NOSILK
U$481, 157.88, 67.02, 120.00, 0603-1U-CAP, 0603
U$482, 158.30, 53.13, 120.00, 1515-LED-SMT550-NOSILK, 1515-LED-SMT550-NOSILK
U$483, 155.24, 65.50, 75.00, 1515-LED-SMT550-NOSILK, 1515-LED-SMT550-NOSILK
U$484, 148.42, 61.56, 75.00, 1515-LED-SMT550-NOSILK, 1515-LED-SMT550-NOSILK
U$485, 141.62, 57.64, 75.00, 1515-LED-SMT550-NOSILK, 1515-LED-SMT550-NOSILK
U$486, 134.15, 60.72, 30.00, 1515-LED-SMT550-NOSILK, 1515-LED-SMT550-NOSILK
U$487, 126.14, 62.81, 30.00, 1515-LED-SMT550-NOSILK, 1515-LED-SMT550-NOSILK
U$488, 140.57, 49.61, 120.00, 1515-LED-SMT550-NOSILK, 1515-LED-SMT550-NOSILK
U$489, 138.37, 41.63, 120.00, 1515-LED-SMT550-NOSILK, 1515-LED-SMT550-NOSILK
U$490, 137.24, 55.11, 120.00, 0603-1U-CAP, 0603
U$491, 134.80, 53.70, 75.00, 1515-LED-SMT550-NOSILK, 1515-LED-SMT550-NOSILK
U$492, 127.98, 49.76, 75.00, 1515-LED-SMT550-NOSILK, 1515-LED-SMT550-NOSILK
U$5, 54.44, 52.12, 90.00, 1515-LED-SMT550-NOSILK, 1515-LED-SMT550-NOSILK
U$511, 175.67, 85.19, 15.00, 1515-LED-SMT550-NOSILK, 1515-LED-SMT550-NOSILK
U$512, 168.86, 89.13, 15.00, 1515-LED-SMT550-NOSILK, 1515-LED-SMT550-NOSILK
U$513, 162.06, 93.05, 15.00, 1515-LED-SMT550-NOSILK, 1515-LED-SMT550-NOSILK
U$514, 160.49, 101.35, 330.00, 1515-LED-SMT550-NOSILK, 1515-LED-SMT550-NOSILK
U$515, 158.31, 109.32, 330.00, 1515-LED-SMT550-NOSILK, 1515-LED-SMT550-NOSILK
U$516, 154.07, 90.24, 60.00, 1515-LED-SMT550-NOSILK, 1515-LED-SMT550-NOSILK
U$517, 157.88, 95.47, 60.00, 0603-1U-CAP, 0603
U$518, 146.06, 88.15, 60.00, 1515-LED-SMT550-NOSILK, 1515-LED-SMT550-NOSILK
U$519, 155.24, 96.99, 15.00, 1515-LED-SMT550-NOSILK, 1515-LED-SMT550-NOSILK
U$520, 148.42, 100.93, 15.00, 1515-LED-SMT550-NOSILK, 1515-LED-SMT550-NOSILK
U$521, 141.62, 104.85, 15.00, 1515-LED-SMT550-NOSILK, 1515-LED-SMT550-NOSILK
U$522, 140.56, 112.86, 330.00, 1515-LED-SMT550-NOSILK, 1515-LED-SMT550-NOSILK
U$523, 138.36, 120.84, 330.00, 1515-LED-SMT550-NOSILK, 1515-LED-SMT550-NOSILK
U$524, 134.14, 101.75, 60.00, 1515-LED-SMT550-NOSILK, 1515-LED-SMT550-NOSILK
U$525, 126.13, 99.66, 60.00, 1515-LED-SMT550-NOSILK, 1515-LED-SMT550-NOSILK
U$526, 137.24, 107.38, 60.00, 0603-1U-CAP, 0603
U$527, 134.80, 108.79, 15.00, 1515-LED-SMT550-NOSILK, 1515-LED-SMT550-NOSILK
U$528, 127.98, 112.73, 15.00, 1515-LED-SMT550-NOSILK, 1515-LED-SMT550-NOSILK
U$547, 182.51, 89.14, 315.00, 1515-LED-SMT550-NOSILK, 1515-LED-SMT550-NOSILK
U$548, 182.51, 97.01, 315.00, 1515-LED-SMT550-NOSILK, 1515-LED-SMT550-NOSILK
U$549, 182.51, 104.86, 315.00, 1515-LED-SMT550-NOSILK, 1515-LED-SMT550-NOSILK
U$550, 188.91, 110.37, 270.00, 1515-LED-SMT550-NOSILK, 1515-LED-SMT550-NOSILK
U$551, 194.73, 116.24, 270.00, 1515-LED-SMT550-NOSILK, 1515-LED-SMT550-NOSILK
U$552, 176.08, 110.37, 0.00, 1515-LED-SMT550-NOSILK, 1515-LED-SMT550-NOSILK
U$553, 182.51, 109.69, 0.00, 0603-1U-CAP, 0603
U$554, 170.27, 116.27, 0.00, 1515-LED-SMT550-NOSILK, 1515-LED-SMT550-NOSILK
U$555, 182.51, 112.74, 315.00, 1515-LED-SMT550-NOSILK, 1515-LED-SMT550-NOSILK
U$556, 182.51, 120.61, 315.00, 1515-LED-SMT550-NOSILK, 1515-LED-SMT550-NOSILK
U$557, 182.51, 128.46, 315.00, 1515-LED-SMT550-NOSILK, 1515-LED-SMT550-NOSILK
U$558, 188.91, 133.39, 270.00, 1515-LED-SMT550-NOSILK, 1515-LED-SMT550-NOSILK
U$559, 194.73, 139.28, 270.00, 1515-LED-SMT550-NOSILK, 1515-LED-SMT550-NOSILK
U$560, 176.08, 133.39, 0.00, 1515-LED-SMT550-NOSILK, 1515-LED-SMT550-NOSILK
U$561, 170.27, 139.28, 0.00, 1515-LED-SMT550-NOSILK, 1515-LED-SMT550-NOSILK
U$562, 182.51, 133.52, 0.00, 0603-1U-CAP, 0603
U$563, 182.51, 136.33, 315.00, 1515-LED-SMT550-NOSILK, 1515-LED-SMT550-NOSILK
U$564, 182.51, 144.21, 315.00, 1515-LED-SMT550-NOSILK, 1515-LED-SMT550-NOSILK
U$583, 189.35, 85.19, 255.00, 1515-LED-SMT550-NOSILK, 1515-LED-SMT550-NOSILK
U$584, 196.17, 89.13, 255.00, 1515-LED-SMT550-NOSILK, 1515-LED-SMT550-NOSILK
U$585, 202.96, 93.05, 255.00, 1515-LED-SMT550-NOSILK, 1515-LED-SMT550-NOSILK
U$586, 210.94, 90.27, 210.00, 1515-LED-SMT550-NOSILK, 1515-LED-SMT550-NOSILK
U$587, 218.93, 88.16, 210.00, 1515-LED-SMT550-NOSILK, 1515-LED-SMT550-NOSILK
U$588, 204.52, 101.37, 300.00, 1515-LED-SMT550-NOSILK, 1515-LED-SMT550-NOSILK
U$589, 207.14, 95.47, 300.00, 0603-1U-CAP, 0603
U$590, 206.72, 109.36, 300.00, 1515-LED-SMT550-NOSILK, 1515-LED-SMT550-NOSILK
U$591, 209.78, 96.99, 255.00, 1515-LED-SMT550-NOSILK, 1515-LED-SMT550-NOSILK
U$592, 216.60, 100.93, 255.00, 1515-LED-SMT550-NOSILK, 1515-LED-SMT550-NOSILK
U$593, 223.40, 104.85, 255.00, 1515-LED-SMT550-NOSILK, 1515-LED-SMT550-NOSILK
U$594, 230.87, 101.77, 210.00, 1515-LED-SMT550-NOSILK, 1515-LED-SMT550-NOSILK
U$595, 238.88, 99.68, 210.00, 1515-LED-SMT550-NOSILK, 1515-LED-SMT550-NOSILK
U$596, 224.45, 112.88, 300.00, 1515-LED-SMT550-NOSILK, 1515-LED-SMT550-NOSILK
U$597, 226.65, 120.86, 300.00, 1515-LED-SMT550-NOSILK, 1515-LED-SMT550-NOSILK
U$598, 227.78, 107.38, 300.00, 0603-1U-CAP, 0603
U$599, 230.22, 108.79, 255.00, 1515-LED-SMT550-NOSILK, 1515-LED-SMT550-NOSILK
U$6, 48.63, 46.25, 90.00, 1515-LED-SMT550-NOSILK, 1515-LED-SMT550-NOSILK
U$600, 237.04, 112.73, 255.00, 1515-LED-SMT550-NOSILK, 1515-LED-SMT550-NOSILK
U$619, 189.35, 77.30, 195.00, 1515-LED-SMT550-NOSILK, 1515-LED-SMT550-NOSILK
U$62, 54.01, 77.30, 75.00, 1515-LED-SMT550-NOSILK, 1515-LED-SMT550-NOSILK
U$620, 196.17, 73.36, 195.00, 1515-LED-SMT550-NOSILK, 1515-LED-SMT550-NOSILK
U$621, 202.96, 69.44, 195.00, 1515-LED-SMT550-NOSILK, 1515-LED-SMT550-NOSILK
U$622, 204.54, 61.14, 150.00, 1515-LED-SMT550-NOSILK, 1515-LED-SMT550-NOSILK
U$623, 206.71, 53.17, 150.00, 1515-LED-SMT550-NOSILK, 1515-LED-SMT550-NOSILK
U$624, 210.95, 72.25, 240.00, 1515-LED-SMT550-NOSILK, 1515-LED-SMT550-NOSILK
U$625, 207.14, 67.02, 240.00, 0603-1U-CAP, 0603
U$626, 218.96, 74.34, 240.00, 1515-LED-SMT550-NOSILK, 1515-LED-SMT550-NOSILK
U$627, 209.78, 65.50, 195.00, 1515-LED-SMT550-NOSILK, 1515-LED-SMT550-NOSILK
U$628, 216.60, 61.56, 195.00, 1515-LED-SMT550-NOSILK, 1515-LED-SMT550-NOSILK
U$629, 223.40, 57.64, 195.00, 1515-LED-SMT550-NOSILK, 1515-LED-SMT550-NOSILK
U$63, 47.19, 73.36, 75.00, 1515-LED-SMT550-NOSILK, 1515-LED-SMT550-NOSILK
U$630, 224.47, 49.63, 150.00, 1515-LED-SMT550-NOSILK, 1515-LED-SMT550-NOSILK
U$631, 226.66, 41.65, 150.00, 1515-LED-SMT550-NOSILK, 1515-LED-SMT550-NOSILK
U$632, 230.88, 60.74, 240.00, 1515-LED-SMT550-NOSILK, 1515-LED-SMT550-NOSILK
U$633, 238.89, 62.83, 240.00, 1515-LED-SMT550-NOSILK, 1515-LED-SMT550-NOSILK
U$634, 227.78, 55.11, 240.00, 0603-1U-CAP, 0603
U$635, 230.22, 53.70, 195.00, 1515-LED-SMT550-NOSILK, 1515-LED-SMT550-NOSILK
U$636, 237.04, 49.76, 195.00, 1515-LED-SMT550-NOSILK, 1515-LED-SMT550-NOSILK
U$64, 40.39, 69.44, 75.00, 1515-LED-SMT550-NOSILK, 1515-LED-SMT550-NOSILK
U$65, 32.42, 72.22, 30.00, 1515-LED-SMT550-NOSILK, 1515-LED-SMT550-NOSILK
U$66, 24.43, 74.33, 30.00, 1515-LED-SMT550-NOSILK, 1515-LED-SMT550-NOSILK
U$67, 38.83, 61.12, 120.00, 1515-LED-SMT550-NOSILK, 1515-LED-SMT550-NOSILK
U$68, 36.21, 67.02, 120.00, 0603-1U-CAP, 0603
U$69, 36.63, 53.13, 120.00, 1515-LED-SMT550-NOSILK, 1515-LED-SMT550-NOSILK
U$7, 67.27, 52.12, 180.00, 1515-LED-SMT550-NOSILK, 1515-LED-SMT550-NOSILK
U$70, 33.57, 65.50, 75.00, 1515-LED-SMT550-NOSILK, 1515-LED-SMT550-NOSILK
U$71, 26.75, 61.56, 75.00, 1515-LED-SMT550-NOSILK, 1515-LED-SMT550-NOSILK
U$72, 19.95, 57.64, 75.00, 1515-LED-SMT550-NOSILK, 1515-LED-SMT550-NOSILK
U$73, 12.49, 60.72, 30.00, 1515-LED-SMT550-NOSILK, 1515-LED-SMT550-NOSILK
U$74, 4.48, 62.81, 30.00, 1515-LED-SMT550-NOSILK, 1515-LED-SMT550-NOSILK
U$75, 18.90, 49.61, 120.00, 1515-LED-SMT550-NOSILK, 1515-LED-SMT550-NOSILK
U$76, 16.71, 41.63, 120.00, 1515-LED-SMT550-NOSILK, 1515-LED-SMT550-NOSILK
U$77, 15.57, 55.11, 120.00, 0603-1U-CAP, 0603
U$78, 13.14, 53.70, 75.00, 1515-LED-SMT550-NOSILK, 1515-LED-SMT550-NOSILK
U$79, 6.32, 49.76, 75.00, 1515-LED-SMT550-NOSILK, 1515-LED-SMT550-NOSILK
U$8, 60.84, 52.80, 180.00, 0603-1U-CAP, 0603
U$873, 304.18, 10.28, 0.00, 4-PIN-RAY-WU-13.5MM, 4PIN-RAY-WU-EDGE-CONNECTOR
U$875, 304.18, 73.35, 135.00, 1515-LED-SMT550-NOSILK, 1515-LED-SMT550-NOSILK
U$876, 304.18, 65.48, 135.00, 1515-LED-SMT550-NOSILK, 1515-LED-SMT550-NOSILK
U$877, 304.18, 57.63, 135.00, 1515-LED-SMT550-NOSILK, 1515-LED-SMT550-NOSILK
U$878, 297.78, 52.12, 90.00, 1515-LED-SMT550-NOSILK, 1515-LED-SMT550-NOSILK
U$879, 291.96, 46.25, 90.00, 1515-LED-SMT550-NOSILK, 1515-LED-SMT550-NOSILK
U$880, 310.60, 52.12, 180.00, 1515-LED-SMT550-NOSILK, 1515-LED-SMT550-NOSILK
U$881, 304.18, 52.80, 180.00, 0603-1U-CAP, 0603
U$882, 316.42, 46.22, 180.00, 1515-LED-SMT550-NOSILK, 1515-LED-SMT550-NOSILK
U$883, 304.18, 49.75, 135.00, 1515-LED-SMT550-NOSILK, 1515-LED-SMT550-NOSILK
U$884, 304.18, 41.88, 135.00, 1515-LED-SMT550-NOSILK, 1515-LED-SMT550-NOSILK
U$885, 304.18, 34.03, 135.00, 1515-LED-SMT550-NOSILK, 1515-LED-SMT550-NOSILK
U$886, 297.78, 29.10, 90.00, 1515-LED-SMT550-NOSILK, 1515-LED-SMT550-NOSILK
U$887, 291.96, 23.21, 90.00, 1515-LED-SMT550-NOSILK, 1515-LED-SMT550-NOSILK
U$888, 310.60, 29.10, 180.00, 1515-LED-SMT550-NOSILK, 1515-LED-SMT550-NOSILK
U$889, 316.42, 23.21, 180.00, 1515-LED-SMT550-NOSILK, 1515-LED-SMT550-NOSILK
U$890, 304.18, 28.97, 180.00, 0603-1U-CAP, 0603
U$891, 304.18, 26.16, 135.00, 1515-LED-SMT550-NOSILK, 1515-LED-SMT550-NOSILK
U$892, 304.18, 18.28, 135.00, 1515-LED-SMT550-NOSILK, 1515-LED-SMT550-NOSILK
U$9, 73.09, 46.22, 180.00, 1515-LED-SMT550-NOSILK, 1515-LED-SMT550-NOSILK
U$911, 297.34, 77.30, 75.00, 1515-LED-SMT550-NOSILK, 1515-LED-SMT550-NOSILK
U$912, 290.52, 73.36, 75.00, 1515-LED-SMT550-NOSILK, 1515-LED-SMT550-NOSILK
U$913, 283.73, 69.44, 75.00, 1515-LED-SMT550-NOSILK, 1515-LED-SMT550-NOSILK
U$914, 275.75, 72.22, 30.00, 1515-LED-SMT550-NOSILK, 1515-LED-SMT550-NOSILK
U$915, 267.76, 74.33, 30.00, 1515-LED-SMT550-NOSILK, 1515-LED-SMT550-NOSILK
U$916, 282.17, 61.12, 120.00, 1515-LED-SMT550-NOSILK, 1515-LED-SMT550-NOSILK
U$917, 279.54, 67.02, 120.00, 0603-1U-CAP, 0603
U$918, 279.97, 53.13, 120.00, 1515-LED-SMT550-NOSILK, 1515-LED-SMT550-NOSILK
U$919, 276.91, 65.50, 75.00, 1515-LED-SMT550-NOSILK, 1515-LED-SMT550-NOSILK
U$920, 270.09, 61.56, 75.00, 1515-LED-SMT550-NOSILK, 1515-LED-SMT550-NOSILK
U$921, 263.29, 57.64, 75.00, 1515-LED-SMT550-NOSILK, 1515-LED-SMT550-NOSILK
U$922, 255.82, 60.72, 30.00, 1515-LED-SMT550-NOSILK, 1515-LED-SMT550-NOSILK
U$923, 247.81, 62.81, 30.00, 1515-LED-SMT550-NOSILK, 1515-LED-SMT550-NOSILK
U$924, 262.24, 49.61, 120.00, 1515-LED-SMT550-NOSILK, 1515-LED-SMT550-NOSILK
U$925, 260.04, 41.63, 120.00, 1515-LED-SMT550-NOSILK, 1515-LED-SMT550-NOSILK
U$926, 258.91, 55.11, 120.00, 0603-1U-CAP, 0603
U$927, 256.47, 53.70, 75.00, 1515-LED-SMT550-NOSILK, 1515-LED-SMT550-NOSILK
U$928, 249.65, 49.76, 75.00, 1515-LED-SMT550-NOSILK, 1515-LED-SMT550-NOSILK
U$947, 297.34, 85.19, 15.00, 1515-LED-SMT550-NOSILK, 1515-LED-SMT550-NOSILK
U$948, 290.52, 89.13, 15.00, 1515-LED-SMT550-NOSILK, 1515-LED-SMT550-NOSILK
U$949, 283.73, 93.05, 15.00, 1515-LED-SMT550-NOSILK, 1515-LED-SMT550-NOSILK
U$950, 282.15, 101.35, 330.00, 1515-LED-SMT550-NOSILK, 1515-LED-SMT550-NOSILK
U$951, 279.98, 109.32, 330.00, 1515-LED-SMT550-NOSILK, 1515-LED-SMT550-NOSILK
U$952, 275.74, 90.24, 60.00, 1515-LED-SMT550-NOSILK, 1515-LED-SMT550-NOSILK
U$953, 279.54, 95.47, 60.00, 0603-1U-CAP, 0603
U$954, 267.73, 88.15, 60.00, 1515-LED-SMT550-NOSILK, 1515-LED-SMT550-NOSILK
U$955, 276.91, 96.99, 15.00, 1515-LED-SMT550-NOSILK, 1515-LED-SMT550-NOSILK
U$956, 270.09, 100.93, 15.00, 1515-LED-SMT550-NOSILK, 1515-LED-SMT550-NOSILK
U$957, 263.29, 104.85, 15.00, 1515-LED-SMT550-NOSILK, 1515-LED-SMT550-NOSILK
U$958, 262.22, 112.86, 330.00, 1515-LED-SMT550-NOSILK, 1515-LED-SMT550-NOSILK
U$959, 260.03, 120.84, 330.00, 1515-LED-SMT550-NOSILK, 1515-LED-SMT550-NOSILK
U$960, 255.81, 101.75, 60.00, 1515-LED-SMT550-NOSILK, 1515-LED-SMT550-NOSILK
U$961, 247.80, 99.66, 60.00, 1515-LED-SMT550-NOSILK, 1515-LED-SMT550-NOSILK
U$962, 258.91, 107.38, 60.00, 0603-1U-CAP, 0603
U$963, 256.47, 108.79, 15.00, 1515-LED-SMT550-NOSILK, 1515-LED-SMT550-NOSILK
U$964, 249.65, 112.73, 15.00, 1515-LED-SMT550-NOSILK, 1515-LED-SMT550-NOSILK
U$98, 54.01, 85.19, 15.00, 1515-LED-SMT550-NOSILK, 1515-LED-SMT550-NOSILK
U$983, 304.18, 89.14, 315.00, 1515-LED-SMT550-NOSILK, 1515-LED-SMT550-NOSILK
U$984, 304.18, 97.01, 315.00, 1515-LED-SMT550-NOSILK, 1515-LED-SMT550-NOSILK
U$985, 304.18, 104.86, 315.00, 1515-LED-SMT550-NOSILK, 1515-LED-SMT550-NOSILK
U$986, 310.58, 110.37, 270.00, 1515-LED-SMT550-NOSILK, 1515-LED-SMT550-NOSILK
U$987, 316.40, 116.24, 270.00, 1515-LED-SMT550-NOSILK, 1515-LED-SMT550-NOSILK
U$988, 297.75, 110.37, 0.00, 1515-LED-SMT550-NOSILK, 1515-LED-SMT550-NOSILK
U$989, 304.18, 109.69, 0.00, 0603-1U-CAP, 0603
U$99, 47.19, 89.13, 15.00, 1515-LED-SMT550-NOSILK, 1515-LED-SMT550-NOSILK
U$990, 291.94, 116.27, 0.00, 1515-LED-SMT550-NOSILK, 1515-LED-SMT550-NOSILK
U$991, 304.18, 112.74, 315.00, 1515-LED-SMT550-NOSILK, 1515-LED-SMT550-NOSILK
U$992, 304.18, 120.61, 315.00, 1515-LED-SMT550-NOSILK, 1515-LED-SMT550-NOSILK
U$993, 304.18, 128.46, 315.00, 1515-LED-SMT550-NOSILK, 1515-LED-SMT550-NOSILK
U$994, 310.58, 133.39, 270.00, 1515-LED-SMT550-NOSILK, 1515-LED-SMT550-NOSILK
U$995, 316.40, 139.28, 270.00, 1515-LED-SMT550-NOSILK, 1515-LED-SMT550-NOSILK
U$996, 297.75, 133.39, 0.00, 1515-LED-SMT550-NOSILK, 1515-LED-SMT550-NOSILK
U$997, 291.94, 139.28, 0.00, 1515-LED-SMT550-NOSILK, 1515-LED-SMT550-NOSILK
U$998, 304.18, 133.52, 0.00, 0603-1U-CAP, 0603
U$999, 304.18, 136.33, 315.00, 1515-LED-SMT550-NOSILK, 1515-LED-SMT550-NOSILK
