FD5, 361.00, 7.89, 0.00, FIDUCIAL1X2, FIDUCIAL-1X2
FD6, 6.00, 7.89, 0.00, FIDUCIAL1X2, FIDUCIAL-1X2
FD7, 6.00, 165.26, 0.00, FIDUCIAL1X2, FIDUCIAL-1X2
FD8, 361.00, 165.26, 0.00, FIDUCIAL1X2, FIDUCIAL-1X2
U$128, 263.63, 111.58, 150.00, 1515-LED-SMT550-NOSILK, 1515-LED-SMT550-NOSILK
U$129, 259.79, 118.24, 105.00, 1515-LED-SMT550-NOSILK, 1515-LED-SMT550-NOSILK
U$130, 255.94, 124.90, 105.00, 1515-LED-SMT550-NOSILK, 1515-LED-SMT550-NOSILK
U$131, 259.78, 141.28, 150.00, 1515-LED-SMT550-NOSILK, 1515-LED-SMT550-NOSILK
U$132, 262.97, 153.57, 150.00, 1515-LED-SMT550-NOSILK, 1515-LED-SMT550-NOSILK
U$133, 239.84, 129.90, 60.00, 1515-LED-SMT550-NOSILK, 1515-LED-SMT550-NOSILK
U$134, 250.07, 135.06, 150.00, 0603-1U-CAP, 0603
U$135, 227.61, 133.13, 60.00, 1515-LED-SMT550-NOSILK, 1515-LED-SMT550-NOSILK
U$136, 252.10, 131.56, 105.00, 1515-LED-SMT550-NOSILK, 1515-LED-SMT550-NOSILK
U$137, 248.26, 138.23, 105.00, 1515-LED-SMT550-NOSILK, 1515-LED-SMT550-NOSILK
U$138, 244.40, 144.89, 105.00, 1515-LED-SMT550-NOSILK, 1515-LED-SMT550-NOSILK
U$139, 240.56, 151.55, 105.00, 1515-LED-SMT550-NOSILK, 1515-LED-SMT550-NOSILK
U$140, 245.11, 165.19, 150.00, 1515-LED-SMT550-NOSILK, 1515-LED-SMT550-NOSILK
U$141, 226.37, 154.86, 60.00, 1515-LED-SMT550-NOSILK, 1515-LED-SMT550-NOSILK
U$142, 236.71, 158.20, 105.00, 1515-LED-SMT550-NOSILK, 1515-LED-SMT550-NOSILK
U$143, 235.69, 160.06, 150.00, 0603-1U-CAP, 0603
U$144, 232.90, 164.96, 105.00, 1515-LED-SMT550-NOSILK, 1515-LED-SMT550-NOSILK
U$145, 275.36, 118.35, 225.00, 1515-LED-SMT550-NOSILK, 1515-LED-SMT550-NOSILK
U$200, 287.07, 111.59, 210.00, 1515-LED-SMT550-NOSILK, 1515-LED-SMT550-NOSILK
U$201, 290.91, 118.25, 165.00, 1515-LED-SMT550-NOSILK, 1515-LED-SMT550-NOSILK
U$202, 294.76, 124.91, 165.00, 1515-LED-SMT550-NOSILK, 1515-LED-SMT550-NOSILK
U$203, 310.86, 129.78, 210.00, 1515-LED-SMT550-NOSILK, 1515-LED-SMT550-NOSILK
U$204, 323.10, 133.15, 210.00, 1515-LED-SMT550-NOSILK, 1515-LED-SMT550-NOSILK
U$205, 291.04, 141.36, 120.00, 1515-LED-SMT550-NOSILK, 1515-LED-SMT550-NOSILK
U$206, 300.62, 135.07, 210.00, 0603-1U-CAP, 0603
U$207, 287.72, 153.56, 120.00, 1515-LED-SMT550-NOSILK, 1515-LED-SMT550-NOSILK
U$208, 298.60, 131.57, 165.00, 1515-LED-SMT550-NOSILK, 1515-LED-SMT550-NOSILK
U$209, 302.46, 138.23, 165.00, 1515-LED-SMT550-NOSILK, 1515-LED-SMT550-NOSILK
U$210, 306.30, 144.90, 165.00, 1515-LED-SMT550-NOSILK, 1515-LED-SMT550-NOSILK
U$211, 310.15, 151.55, 165.00, 1515-LED-SMT550-NOSILK, 1515-LED-SMT550-NOSILK
U$212, 324.23, 154.43, 210.00, 1515-LED-SMT550-NOSILK, 1515-LED-SMT550-NOSILK
U$213, 305.92, 165.50, 120.00, 1515-LED-SMT550-NOSILK, 1515-LED-SMT550-NOSILK
U$214, 313.98, 158.21, 165.00, 1515-LED-SMT550-NOSILK, 1515-LED-SMT550-NOSILK
U$215, 315.08, 160.02, 210.00, 0603-1U-CAP, 0603
U$216, 317.92, 164.89, 165.00, 1515-LED-SMT550-NOSILK, 1515-LED-SMT550-NOSILK
U$217, 298.79, 104.82, 285.00, 1515-LED-SMT550-NOSILK, 1515-LED-SMT550-NOSILK
U$272, 298.79, 91.30, 270.00, 1515-LED-SMT550-NOSILK, 1515-LED-SMT550-NOSILK
U$273, 306.48, 91.29, 225.00, 1515-LED-SMT550-NOSILK, 1515-LED-SMT550-NOSILK
U$274, 314.17, 91.30, 225.00, 1515-LED-SMT550-NOSILK, 1515-LED-SMT550-NOSILK
U$275, 326.44, 79.79, 270.00, 1515-LED-SMT550-NOSILK, 1515-LED-SMT550-NOSILK
U$276, 335.49, 70.87, 270.00, 1515-LED-SMT550-NOSILK, 1515-LED-SMT550-NOSILK
U$277, 326.56, 102.74, 180.00, 1515-LED-SMT550-NOSILK, 1515-LED-SMT550-NOSILK
U$278, 325.91, 91.30, 270.00, 0603-1U-CAP, 0603
U$279, 335.46, 111.72, 180.00, 1515-LED-SMT550-NOSILK, 1515-LED-SMT550-NOSILK
U$280, 321.86, 91.30, 225.00, 1515-LED-SMT550-NOSILK, 1515-LED-SMT550-NOSILK
U$281, 329.56, 91.29, 225.00, 1515-LED-SMT550-NOSILK, 1515-LED-SMT550-NOSILK
U$282, 337.26, 91.30, 225.00, 1515-LED-SMT550-NOSILK, 1515-LED-SMT550-NOSILK
U$283, 344.94, 91.29, 225.00, 1515-LED-SMT550-NOSILK, 1515-LED-SMT550-NOSILK
U$284, 354.48, 80.53, 270.00, 1515-LED-SMT550-NOSILK, 1515-LED-SMT550-NOSILK
U$285, 354.91, 101.93, 180.00, 1515-LED-SMT550-NOSILK, 1515-LED-SMT550-NOSILK
U$286, 352.63, 91.30, 225.00, 1515-LED-SMT550-NOSILK, 1515-LED-SMT550-NOSILK
U$287, 354.75, 91.25, 270.00, 0603-1U-CAP, 0603
U$288, 360.38, 91.23, 225.00, 1515-LED-SMT550-NOSILK, 1515-LED-SMT550-NOSILK
U$289, 298.79, 77.76, 345.00, 1515-LED-SMT550-NOSILK, 1515-LED-SMT550-NOSILK
U$344, 287.08, 71.00, 330.00, 1515-LED-SMT550-NOSILK, 1515-LED-SMT550-NOSILK
U$345, 290.92, 64.34, 285.00, 1515-LED-SMT550-NOSILK, 1515-LED-SMT550-NOSILK
U$346, 294.77, 57.68, 285.00, 1515-LED-SMT550-NOSILK, 1515-LED-SMT550-NOSILK
U$347, 290.94, 41.30, 330.00, 1515-LED-SMT550-NOSILK, 1515-LED-SMT550-NOSILK
U$348, 287.74, 29.01, 330.00, 1515-LED-SMT550-NOSILK, 1515-LED-SMT550-NOSILK
U$349, 310.87, 52.67, 240.00, 1515-LED-SMT550-NOSILK, 1515-LED-SMT550-NOSILK
U$350, 300.64, 47.52, 330.00, 0603-1U-CAP, 0603
U$351, 323.10, 49.45, 240.00, 1515-LED-SMT550-NOSILK, 1515-LED-SMT550-NOSILK
U$352, 298.62, 51.02, 285.00, 1515-LED-SMT550-NOSILK, 1515-LED-SMT550-NOSILK
U$353, 302.46, 44.35, 285.00, 1515-LED-SMT550-NOSILK, 1515-LED-SMT550-NOSILK
U$354, 306.32, 37.69, 285.00, 1515-LED-SMT550-NOSILK, 1515-LED-SMT550-NOSILK
U$355, 310.15, 31.03, 285.00, 1515-LED-SMT550-NOSILK, 1515-LED-SMT550-NOSILK
U$356, 305.60, 17.39, 330.00, 1515-LED-SMT550-NOSILK, 1515-LED-SMT550-NOSILK
U$357, 324.35, 27.71, 240.00, 1515-LED-SMT550-NOSILK, 1515-LED-SMT550-NOSILK
U$358, 314.00, 24.38, 285.00, 1515-LED-SMT550-NOSILK, 1515-LED-SMT550-NOSILK
U$359, 315.02, 22.52, 330.00, 0603-1U-CAP, 0603
U$360, 317.82, 17.62, 285.00, 1515-LED-SMT550-NOSILK, 1515-LED-SMT550-NOSILK
U$361, 275.36, 64.23, 45.00, 1515-LED-SMT550-NOSILK, 1515-LED-SMT550-NOSILK
U$423, 102.97, 71.00, 330.00, 1515-LED-SMT550-NOSILK, 1515-LED-SMT550-NOSILK
U$424, 106.81, 64.34, 285.00, 1515-LED-SMT550-NOSILK, 1515-LED-SMT550-NOSILK
U$425, 110.66, 57.68, 285.00, 1515-LED-SMT550-NOSILK, 1515-LED-SMT550-NOSILK
U$426, 106.82, 41.30, 330.00, 1515-LED-SMT550-NOSILK, 1515-LED-SMT550-NOSILK
U$427, 103.63, 29.01, 330.00, 1515-LED-SMT550-NOSILK, 1515-LED-SMT550-NOSILK
U$428, 126.76, 52.67, 240.00, 1515-LED-SMT550-NOSILK, 1515-LED-SMT550-NOSILK
U$429, 116.53, 47.52, 330.00, 0603-1U-CAP, 0603
U$430, 138.99, 49.45, 240.00, 1515-LED-SMT550-NOSILK, 1515-LED-SMT550-NOSILK
U$431, 114.50, 51.02, 285.00, 1515-LED-SMT550-NOSILK, 1515-LED-SMT550-NOSILK
U$432, 118.34, 44.35, 285.00, 1515-LED-SMT550-NOSILK, 1515-LED-SMT550-NOSILK
U$433, 122.20, 37.69, 285.00, 1515-LED-SMT550-NOSILK, 1515-LED-SMT550-NOSILK
U$434, 126.04, 31.03, 285.00, 1515-LED-SMT550-NOSILK, 1515-LED-SMT550-NOSILK
U$435, 121.49, 17.39, 330.00, 1515-LED-SMT550-NOSILK, 1515-LED-SMT550-NOSILK
U$452, 140.23, 27.71, 240.00, 1515-LED-SMT550-NOSILK, 1515-LED-SMT550-NOSILK
U$454, 263.65, 70.99, 30.00, 1515-LED-SMT550-NOSILK, 1515-LED-SMT550-NOSILK
U$455, 259.80, 64.33, 345.00, 1515-LED-SMT550-NOSILK, 1515-LED-SMT550-NOSILK
U$456, 255.96, 57.67, 345.00, 1515-LED-SMT550-NOSILK, 1515-LED-SMT550-NOSILK
U$457, 239.86, 52.80, 30.00, 1515-LED-SMT550-NOSILK, 1515-LED-SMT550-NOSILK
U$458, 227.61, 49.42, 30.00, 1515-LED-SMT550-NOSILK, 1515-LED-SMT550-NOSILK
U$459, 259.67, 41.22, 300.00, 1515-LED-SMT550-NOSILK, 1515-LED-SMT550-NOSILK
U$460, 250.09, 47.50, 30.00, 0603-1U-CAP, 0603
U$461, 263.00, 29.02, 300.00, 1515-LED-SMT550-NOSILK, 1515-LED-SMT550-NOSILK
U$462, 252.11, 51.01, 345.00, 1515-LED-SMT550-NOSILK, 1515-LED-SMT550-NOSILK
U$463, 248.25, 44.35, 345.00, 1515-LED-SMT550-NOSILK, 1515-LED-SMT550-NOSILK
U$464, 244.42, 37.67, 345.00, 1515-LED-SMT550-NOSILK, 1515-LED-SMT550-NOSILK
U$465, 240.56, 31.03, 345.00, 1515-LED-SMT550-NOSILK, 1515-LED-SMT550-NOSILK
U$466, 226.48, 28.15, 30.00, 1515-LED-SMT550-NOSILK, 1515-LED-SMT550-NOSILK
U$467, 244.79, 17.07, 300.00, 1515-LED-SMT550-NOSILK, 1515-LED-SMT550-NOSILK
U$468, 236.73, 24.37, 345.00, 1515-LED-SMT550-NOSILK, 1515-LED-SMT550-NOSILK
U$469, 235.74, 22.67, 30.00, 0603-1U-CAP, 0603
U$470, 129.89, 24.38, 285.00, 1515-LED-SMT550-NOSILK, 1515-LED-SMT550-NOSILK
U$471, 251.92, 77.76, 105.00, 1515-LED-SMT550-NOSILK, 1515-LED-SMT550-NOSILK
U$472, 130.86, 22.67, 330.00, 0603-1U-CAP, 0603
U$473, 91.24, 64.23, 45.00, 1515-LED-SMT550-NOSILK, 1515-LED-SMT550-NOSILK
U$492, 79.53, 70.99, 30.00, 1515-LED-SMT550-NOSILK, 1515-LED-SMT550-NOSILK
U$493, 75.69, 64.33, 345.00, 1515-LED-SMT550-NOSILK, 1515-LED-SMT550-NOSILK
U$494, 71.84, 57.67, 345.00, 1515-LED-SMT550-NOSILK, 1515-LED-SMT550-NOSILK
U$495, 55.74, 52.80, 30.00, 1515-LED-SMT550-NOSILK, 1515-LED-SMT550-NOSILK
U$496, 43.50, 49.42, 30.00, 1515-LED-SMT550-NOSILK, 1515-LED-SMT550-NOSILK
U$497, 75.56, 41.22, 300.00, 1515-LED-SMT550-NOSILK, 1515-LED-SMT550-NOSILK
U$498, 65.98, 47.50, 30.00, 0603-1U-CAP, 0603
U$499, 78.88, 29.02, 300.00, 1515-LED-SMT550-NOSILK, 1515-LED-SMT550-NOSILK
U$5, 227.75, 8.90, 30.00, 4-PIN-RAY-WU-13.5MM, 4PIN-RAY-WU-EDGE-CONNECTOR
U$500, 68.00, 51.01, 345.00, 1515-LED-SMT550-NOSILK, 1515-LED-SMT550-NOSILK
U$501, 64.14, 44.35, 345.00, 1515-LED-SMT550-NOSILK, 1515-LED-SMT550-NOSILK
U$502, 60.30, 37.67, 345.00, 1515-LED-SMT550-NOSILK, 1515-LED-SMT550-NOSILK
U$503, 56.45, 31.03, 345.00, 1515-LED-SMT550-NOSILK, 1515-LED-SMT550-NOSILK
U$504, 42.37, 28.14, 30.00, 1515-LED-SMT550-NOSILK, 1515-LED-SMT550-NOSILK
U$505, 60.68, 17.07, 300.00, 1515-LED-SMT550-NOSILK, 1515-LED-SMT550-NOSILK
U$506, 52.62, 24.37, 345.00, 1515-LED-SMT550-NOSILK, 1515-LED-SMT550-NOSILK
U$507, 51.52, 22.55, 30.00, 0603-1U-CAP, 0603
U$508, 48.68, 17.68, 345.00, 1515-LED-SMT550-NOSILK, 1515-LED-SMT550-NOSILK
U$509, 67.81, 77.76, 105.00, 1515-LED-SMT550-NOSILK, 1515-LED-SMT550-NOSILK
U$528, 67.81, 91.28, 90.00, 1515-LED-SMT550-NOSILK, 1515-LED-SMT550-NOSILK
U$529, 60.12, 91.28, 45.00, 1515-LED-SMT550-NOSILK, 1515-LED-SMT550-NOSILK
U$530, 52.43, 91.28, 45.00, 1515-LED-SMT550-NOSILK, 1515-LED-SMT550-NOSILK
U$531, 40.16, 102.79, 90.00, 1515-LED-SMT550-NOSILK, 1515-LED-SMT550-NOSILK
U$532, 31.11, 111.70, 90.00, 1515-LED-SMT550-NOSILK, 1515-LED-SMT550-NOSILK
U$533, 40.04, 79.84, 0.00, 1515-LED-SMT550-NOSILK, 1515-LED-SMT550-NOSILK
U$534, 40.69, 91.27, 90.00, 0603-1U-CAP, 0603
U$535, 31.14, 70.86, 0.00, 1515-LED-SMT550-NOSILK, 1515-LED-SMT550-NOSILK
U$536, 44.74, 91.28, 45.00, 1515-LED-SMT550-NOSILK, 1515-LED-SMT550-NOSILK
U$537, 37.04, 91.29, 45.00, 1515-LED-SMT550-NOSILK, 1515-LED-SMT550-NOSILK
U$538, 29.34, 91.28, 45.00, 1515-LED-SMT550-NOSILK, 1515-LED-SMT550-NOSILK
U$539, 21.66, 91.29, 45.00, 1515-LED-SMT550-NOSILK, 1515-LED-SMT550-NOSILK
U$540, 12.12, 102.04, 90.00, 1515-LED-SMT550-NOSILK, 1515-LED-SMT550-NOSILK
U$541, 11.69, 80.65, 0.00, 1515-LED-SMT550-NOSILK, 1515-LED-SMT550-NOSILK
U$542, 13.97, 91.28, 45.00, 1515-LED-SMT550-NOSILK, 1515-LED-SMT550-NOSILK
U$543, 11.85, 91.32, 90.00, 0603-1U-CAP, 0603
U$544, 6.22, 91.35, 45.00, 1515-LED-SMT550-NOSILK, 1515-LED-SMT550-NOSILK
U$545, 67.81, 104.82, 165.00, 1515-LED-SMT550-NOSILK, 1515-LED-SMT550-NOSILK
U$56, 251.92, 91.28, 90.00, 1515-LED-SMT550-NOSILK, 1515-LED-SMT550-NOSILK
U$564, 79.52, 111.58, 150.00, 1515-LED-SMT550-NOSILK, 1515-LED-SMT550-NOSILK
U$565, 75.68, 118.24, 105.00, 1515-LED-SMT550-NOSILK, 1515-LED-SMT550-NOSILK
U$566, 71.83, 124.90, 105.00, 1515-LED-SMT550-NOSILK, 1515-LED-SMT550-NOSILK
U$567, 75.66, 141.27, 150.00, 1515-LED-SMT550-NOSILK, 1515-LED-SMT550-NOSILK
U$568, 78.86, 153.57, 150.00, 1515-LED-SMT550-NOSILK, 1515-LED-SMT550-NOSILK
U$569, 55.73, 129.90, 60.00, 1515-LED-SMT550-NOSILK, 1515-LED-SMT550-NOSILK
U$57, 244.23, 91.28, 45.00, 1515-LED-SMT550-NOSILK, 1515-LED-SMT550-NOSILK
U$570, 65.96, 135.06, 150.00, 0603-1U-CAP, 0603
U$571, 43.50, 133.13, 60.00, 1515-LED-SMT550-NOSILK, 1515-LED-SMT550-NOSILK
U$572, 67.98, 131.56, 105.00, 1515-LED-SMT550-NOSILK, 1515-LED-SMT550-NOSILK
U$573, 64.14, 138.23, 105.00, 1515-LED-SMT550-NOSILK, 1515-LED-SMT550-NOSILK
U$574, 60.28, 144.89, 105.00, 1515-LED-SMT550-NOSILK, 1515-LED-SMT550-NOSILK
U$575, 56.45, 151.55, 105.00, 1515-LED-SMT550-NOSILK, 1515-LED-SMT550-NOSILK
U$576, 61.00, 165.19, 150.00, 1515-LED-SMT550-NOSILK, 1515-LED-SMT550-NOSILK
U$577, 42.25, 154.86, 60.00, 1515-LED-SMT550-NOSILK, 1515-LED-SMT550-NOSILK
U$578, 52.60, 158.20, 105.00, 1515-LED-SMT550-NOSILK, 1515-LED-SMT550-NOSILK
U$579, 51.58, 160.06, 150.00, 0603-1U-CAP, 0603
U$58, 236.54, 91.28, 45.00, 1515-LED-SMT550-NOSILK, 1515-LED-SMT550-NOSILK
U$580, 48.78, 164.96, 105.00, 1515-LED-SMT550-NOSILK, 1515-LED-SMT550-NOSILK
U$581, 91.24, 118.35, 225.00, 1515-LED-SMT550-NOSILK, 1515-LED-SMT550-NOSILK
U$59, 224.28, 102.79, 90.00, 1515-LED-SMT550-NOSILK, 1515-LED-SMT550-NOSILK
U$6, 231.23, 14.94, 345.00, 1515-LED-SMT550-NOSILK, 1515-LED-SMT550-NOSILK
U$60, 215.23, 111.70, 90.00, 1515-LED-SMT550-NOSILK, 1515-LED-SMT550-NOSILK
U$600, 102.95, 111.59, 210.00, 1515-LED-SMT550-NOSILK, 1515-LED-SMT550-NOSILK
U$601, 106.80, 118.25, 165.00, 1515-LED-SMT550-NOSILK, 1515-LED-SMT550-NOSILK
U$602, 110.64, 124.91, 165.00, 1515-LED-SMT550-NOSILK, 1515-LED-SMT550-NOSILK
U$603, 126.74, 129.77, 210.00, 1515-LED-SMT550-NOSILK, 1515-LED-SMT550-NOSILK
U$604, 138.99, 133.15, 210.00, 1515-LED-SMT550-NOSILK, 1515-LED-SMT550-NOSILK
U$605, 106.93, 141.35, 120.00, 1515-LED-SMT550-NOSILK, 1515-LED-SMT550-NOSILK
U$606, 116.51, 135.07, 210.00, 0603-1U-CAP, 0603
U$607, 103.60, 153.56, 120.00, 1515-LED-SMT550-NOSILK, 1515-LED-SMT550-NOSILK
U$608, 114.49, 131.57, 165.00, 1515-LED-SMT550-NOSILK, 1515-LED-SMT550-NOSILK
U$609, 118.35, 138.23, 165.00, 1515-LED-SMT550-NOSILK, 1515-LED-SMT550-NOSILK
U$61, 224.16, 79.84, 0.00, 1515-LED-SMT550-NOSILK, 1515-LED-SMT550-NOSILK
U$610, 122.18, 144.90, 165.00, 1515-LED-SMT550-NOSILK, 1515-LED-SMT550-NOSILK
U$611, 126.04, 151.55, 165.00, 1515-LED-SMT550-NOSILK, 1515-LED-SMT550-NOSILK
U$612, 140.12, 154.43, 210.00, 1515-LED-SMT550-NOSILK, 1515-LED-SMT550-NOSILK
U$613, 121.81, 165.50, 120.00, 1515-LED-SMT550-NOSILK, 1515-LED-SMT550-NOSILK
U$614, 129.87, 158.21, 165.00, 1515-LED-SMT550-NOSILK, 1515-LED-SMT550-NOSILK
U$615, 130.97, 160.02, 210.00, 0603-1U-CAP, 0603
U$616, 133.81, 164.89, 165.00, 1515-LED-SMT550-NOSILK, 1515-LED-SMT550-NOSILK
U$617, 114.68, 104.82, 285.00, 1515-LED-SMT550-NOSILK, 1515-LED-SMT550-NOSILK
U$62, 224.81, 91.27, 90.00, 0603-1U-CAP, 0603
U$63, 215.25, 70.86, 0.00, 1515-LED-SMT550-NOSILK, 1515-LED-SMT550-NOSILK
U$636, 114.68, 91.30, 270.00, 1515-LED-SMT550-NOSILK, 1515-LED-SMT550-NOSILK
U$637, 122.37, 91.29, 225.00, 1515-LED-SMT550-NOSILK, 1515-LED-SMT550-NOSILK
U$638, 130.06, 91.30, 225.00, 1515-LED-SMT550-NOSILK, 1515-LED-SMT550-NOSILK
U$639, 142.32, 79.79, 270.00, 1515-LED-SMT550-NOSILK, 1515-LED-SMT550-NOSILK
U$64, 228.85, 91.28, 45.00, 1515-LED-SMT550-NOSILK, 1515-LED-SMT550-NOSILK
U$640, 151.37, 70.87, 270.00, 1515-LED-SMT550-NOSILK, 1515-LED-SMT550-NOSILK
U$641, 142.44, 102.74, 180.00, 1515-LED-SMT550-NOSILK, 1515-LED-SMT550-NOSILK
U$642, 141.79, 91.30, 270.00, 0603-1U-CAP, 0603
U$643, 151.35, 111.72, 180.00, 1515-LED-SMT550-NOSILK, 1515-LED-SMT550-NOSILK
U$644, 137.75, 91.30, 225.00, 1515-LED-SMT550-NOSILK, 1515-LED-SMT550-NOSILK
U$645, 145.45, 91.29, 225.00, 1515-LED-SMT550-NOSILK, 1515-LED-SMT550-NOSILK
U$646, 153.14, 91.30, 225.00, 1515-LED-SMT550-NOSILK, 1515-LED-SMT550-NOSILK
U$647, 160.83, 91.29, 225.00, 1515-LED-SMT550-NOSILK, 1515-LED-SMT550-NOSILK
U$648, 170.37, 80.53, 270.00, 1515-LED-SMT550-NOSILK, 1515-LED-SMT550-NOSILK
U$649, 170.80, 101.93, 180.00, 1515-LED-SMT550-NOSILK, 1515-LED-SMT550-NOSILK
U$65, 221.15, 91.29, 45.00, 1515-LED-SMT550-NOSILK, 1515-LED-SMT550-NOSILK
U$650, 168.51, 91.30, 225.00, 1515-LED-SMT550-NOSILK, 1515-LED-SMT550-NOSILK
U$651, 170.63, 91.25, 270.00, 0603-1U-CAP, 0603
U$652, 176.27, 91.23, 225.00, 1515-LED-SMT550-NOSILK, 1515-LED-SMT550-NOSILK
U$653, 114.68, 77.76, 345.00, 1515-LED-SMT550-NOSILK, 1515-LED-SMT550-NOSILK
U$656, 138.79, 8.86, 330.00, 4-PIN-RAY-WU-13.5MM, 4PIN-RAY-WU-EDGE-CONNECTOR
U$657, 135.30, 14.90, 285.00, 1515-LED-SMT550-NOSILK, 1515-LED-SMT550-NOSILK
U$66, 213.46, 91.28, 45.00, 1515-LED-SMT550-NOSILK, 1515-LED-SMT550-NOSILK
U$67, 205.77, 91.29, 45.00, 1515-LED-SMT550-NOSILK, 1515-LED-SMT550-NOSILK
U$68, 196.23, 102.05, 90.00, 1515-LED-SMT550-NOSILK, 1515-LED-SMT550-NOSILK
U$69, 195.80, 80.65, 0.00, 1515-LED-SMT550-NOSILK, 1515-LED-SMT550-NOSILK
U$70, 198.09, 91.28, 45.00, 1515-LED-SMT550-NOSILK, 1515-LED-SMT550-NOSILK
U$71, 195.97, 91.33, 90.00, 0603-1U-CAP, 0603
U$72, 190.33, 91.35, 45.00, 1515-LED-SMT550-NOSILK, 1515-LED-SMT550-NOSILK
U$73, 251.92, 104.82, 165.00, 1515-LED-SMT550-NOSILK, 1515-LED-SMT550-NOSILK
